CREATE DATABASE  IF NOT EXISTS `busreservation` /*!40100 DEFAULT CHARACTER SET utf8mb4 COLLATE utf8mb4_0900_ai_ci */;
USE `busreservation`;
-- MySQL dump 10.13  Distrib 8.0.12, for Win64 (x86_64)
--
-- Host: 127.0.0.1    Database: busreservation
-- ------------------------------------------------------
-- Server version	8.0.12

/*!40101 SET @OLD_CHARACTER_SET_CLIENT=@@CHARACTER_SET_CLIENT */;
/*!40101 SET @OLD_CHARACTER_SET_RESULTS=@@CHARACTER_SET_RESULTS */;
/*!40101 SET @OLD_COLLATION_CONNECTION=@@COLLATION_CONNECTION */;
 SET NAMES utf8 ;
/*!40103 SET @OLD_TIME_ZONE=@@TIME_ZONE */;
/*!40103 SET TIME_ZONE='+00:00' */;
/*!40014 SET @OLD_UNIQUE_CHECKS=@@UNIQUE_CHECKS, UNIQUE_CHECKS=0 */;
/*!40014 SET @OLD_FOREIGN_KEY_CHECKS=@@FOREIGN_KEY_CHECKS, FOREIGN_KEY_CHECKS=0 */;
/*!40101 SET @OLD_SQL_MODE=@@SQL_MODE, SQL_MODE='NO_AUTO_VALUE_ON_ZERO' */;
/*!40111 SET @OLD_SQL_NOTES=@@SQL_NOTES, SQL_NOTES=0 */;

--
-- Table structure for table `booking`
--

DROP TABLE IF EXISTS `booking`;
/*!40101 SET @saved_cs_client     = @@character_set_client */;
 SET character_set_client = utf8mb4 ;
CREATE TABLE `booking` (
  `bookingId` int(11) NOT NULL AUTO_INCREMENT,
  `bookingDate` date NOT NULL,
  `ScheduleId` int(11) NOT NULL,
  `seatNo` int(11) NOT NULL,
  `userId` int(11) NOT NULL,
  PRIMARY KEY (`bookingId`),
  UNIQUE KEY `bookingId_UNIQUE` (`bookingId`),
  KEY `booking_schedule_idx` (`ScheduleId`),
  KEY `booking_seat_idx` (`seatNo`),
  KEY `booking_user_idx` (`userId`)
) ENGINE=InnoDB AUTO_INCREMENT=11 DEFAULT CHARSET=utf8mb4 COLLATE=utf8mb4_0900_ai_ci;
/*!40101 SET character_set_client = @saved_cs_client */;

--
-- Dumping data for table `booking`
--

LOCK TABLES `booking` WRITE;
/*!40000 ALTER TABLE `booking` DISABLE KEYS */;
INSERT INTO `booking` VALUES (1,'2022-03-05',3,3,1),(2,'2022-03-07',3,2,14),(5,'2022-03-07',3,1,1),(6,'2022-03-07',3,9,1),(7,'2022-03-07',1,3,1),(8,'2022-03-07',4,6,14),(10,'2022-03-08',3,9,14);
/*!40000 ALTER TABLE `booking` ENABLE KEYS */;
UNLOCK TABLES;

--
-- Table structure for table `bus_details`
--

DROP TABLE IF EXISTS `bus_details`;
/*!40101 SET @saved_cs_client     = @@character_set_client */;
 SET character_set_client = utf8mb4 ;
CREATE TABLE `bus_details` (
  `Reg_no` varchar(8) NOT NULL,
  `Bus_Type` varchar(20) NOT NULL,
  `Seating_Capacity` int(11) DEFAULT NULL,
  PRIMARY KEY (`Reg_no`),
  UNIQUE KEY `Reg_no_UNIQUE` (`Reg_no`)
) ENGINE=InnoDB DEFAULT CHARSET=utf8mb4 COLLATE=utf8mb4_0900_ai_ci;
/*!40101 SET character_set_client = @saved_cs_client */;

--
-- Dumping data for table `bus_details`
--

LOCK TABLES `bus_details` WRITE;
/*!40000 ALTER TABLE `bus_details` DISABLE KEYS */;
INSERT INTO `bus_details` VALUES ('ND-0001','Shuttle ',36),('ND-0002','Single-decker',42),('ND-0003','Trolleybus',42),('ND-0004','Suburban',36),('ND-0005','Intercity ',36),('ND-0006','Luxury',42),('ND-0007','Shuttle ',36),('ND-0008','Single-decker',42),('ND-0009','Trolleybus',42),('ND-0010','Suburban',36),('ND-0011','Intercity ',36),('ND-0012','Luxury',42),('ND-0013','Shuttle ',36),('ND-0014','Single-decker',42),('ND-0015','Trolleybus',42),('ND-0016','Suburban',36),('ND-0017','Intercity ',36),('ND-0018','Luxury',42),('ND-0019','Shuttle ',36),('ND-0020','Single-decker',42),('ND-0021','Trolleybus',42),('ND-0022','Suburban',36),('ND-0023','Intercity ',36),('ND-0024','Luxury',42),('ND-0025','Shuttle ',36),('ND-0026','Single-decker',42),('ND-0027','Trolleybus',42),('ND-0028','Suburban',36),('ND-0029','Intercity ',36),('ND-0030','Luxury',42),('ND-0031','Shuttle ',36),('ND-0032','Single-decker',42),('ND-0033','Trolleybus',42),('ND-0034','Suburban',36),('ND-0035','Intercity ',36),('ND-0036','Luxury',42),('ND-0037','Shuttle ',36),('ND-0038','Single-decker',42),('ND-0039','Trolleybus',42),('ND-0040','Suburban',36),('ND-0041','Intercity ',36),('ND-0042','Luxury',42),('ND-0043','Shuttle ',36),('ND-0044','Single-decker',42),('ND-0045','Trolleybus',42),('ND-0046','Suburban',36),('ND-0047','Intercity ',36),('ND-0048','Luxury',42),('ND-0049','Shuttle ',36),('ND-0050','Single-decker',42),('ND-0051','Trolleybus',42),('ND-4546','Luxury',42),('NW-1234','Luxury',42);
/*!40000 ALTER TABLE `bus_details` ENABLE KEYS */;
UNLOCK TABLES;

--
-- Table structure for table `cancellation`
--

DROP TABLE IF EXISTS `cancellation`;
/*!40101 SET @saved_cs_client     = @@character_set_client */;
 SET character_set_client = utf8mb4 ;
CREATE TABLE `cancellation` (
  `cancellationId` int(11) NOT NULL AUTO_INCREMENT,
  `cancelledDate` date DEFAULT NULL,
  `bookingId` int(11) DEFAULT NULL,
  PRIMARY KEY (`cancellationId`),
  KEY `cancelBooking_idx` (`bookingId`),
  CONSTRAINT `cancelBooking` FOREIGN KEY (`bookingId`) REFERENCES `booking` (`bookingid`)
) ENGINE=InnoDB AUTO_INCREMENT=6 DEFAULT CHARSET=utf8mb4 COLLATE=utf8mb4_0900_ai_ci;
/*!40101 SET character_set_client = @saved_cs_client */;

--
-- Dumping data for table `cancellation`
--

LOCK TABLES `cancellation` WRITE;
/*!40000 ALTER TABLE `cancellation` DISABLE KEYS */;
INSERT INTO `cancellation` VALUES (1,'2022-03-08',6),(2,'2022-03-08',2),(5,'2022-03-08',10);
/*!40000 ALTER TABLE `cancellation` ENABLE KEYS */;
UNLOCK TABLES;

--
-- Table structure for table `schedule`
--

DROP TABLE IF EXISTS `schedule`;
/*!40101 SET @saved_cs_client     = @@character_set_client */;
 SET character_set_client = utf8mb4 ;
CREATE TABLE `schedule` (
  `scheduleId` int(11) NOT NULL AUTO_INCREMENT,
  `schedule_date` date NOT NULL,
  `Depature` varchar(30) NOT NULL,
  `Arrival` varchar(30) NOT NULL,
  `depature_Time` time NOT NULL,
  `arrival_Time` time NOT NULL,
  `Fare` float NOT NULL,
  `Bus` varchar(8) NOT NULL,
  PRIMARY KEY (`schedule_date`,`depature_Time`,`Bus`),
  UNIQUE KEY `scheduleId_UNIQUE` (`scheduleId`),
  KEY `bus_Schudule_idx` (`Bus`),
  CONSTRAINT `bus_Schudule` FOREIGN KEY (`Bus`) REFERENCES `bus_details` (`reg_no`)
) ENGINE=InnoDB AUTO_INCREMENT=1358 DEFAULT CHARSET=utf8mb4 COLLATE=utf8mb4_0900_ai_ci;
/*!40101 SET character_set_client = @saved_cs_client */;

--
-- Dumping data for table `schedule`
--

LOCK TABLES `schedule` WRITE;
/*!40000 ALTER TABLE `schedule` DISABLE KEYS */;
INSERT INTO `schedule` VALUES (1,'2022-03-03','COLOMBO','KANDY','13:00:00','16:45:00',300,'ND-4546'),(3,'2022-03-03','COLOMBO','KANDY','13:30:00','17:00:00',300,'NW-1234'),(5,'2022-03-04','MAKUMBURA','GALLE','05:20:00','06:00:00',250,'NW-1234'),(4,'2022-03-04','KANDY','COLOMBO','14:00:00','18:30:00',300,'NW-1234'),(786,'2022-04-01','KATARAGAMA','COLOMBO','01:45:00','05:25:00',400,'ND-0031'),(110,'2022-04-01','MATARA','MAKUMBURA','03:30:00','04:55:00',210,'ND-0005'),(111,'2022-04-01','MAKUMBURA','MATARA','04:00:00','05:25:00',210,'ND-0006'),(112,'2022-04-01','MATARA','MAKUMBURA','04:00:00','05:25:00',210,'ND-0007'),(890,'2022-04-01','KADAWATHA','MATARA','04:00:00','06:00:00',230,'ND-0034'),(113,'2022-04-01','MATARA','MAKUMBURA','04:20:00','05:45:00',210,'ND-0008'),(214,'2022-04-01','MATARA','KADUWELA','04:30:00','06:30:00',230,'ND-0009'),(604,'2022-04-01','WEERAKETIYA','COLOMBO','04:30:00','07:20:00',270,'ND-0024'),(708,'2022-04-01','DENIYAYA','COLOMBO','04:30:00','08:00:00',600,'ND-0028'),(838,'2022-04-01','GALLE','KADAWATHA','04:30:00','06:10:00',200,'ND-0032'),(891,'2022-04-01','MATARA','KADAWATHA','04:30:00','06:30:00',230,'ND-0035'),(422,'2022-04-01','MIDDENIYA','COLOMBO','04:40:00','07:40:00',320,'ND-0017'),(1254,'2022-04-01','ELPITIYA','COLOMBO','04:40:00','07:40:00',240,'ND-0048'),(1150,'2022-04-01','KAMBURUPITIYA','COLOMBO','04:55:00','09:40:00',1160,'ND-0044'),(215,'2022-04-01','KADUWELA','MATARA','05:00:00','07:00:00',230,'ND-0010'),(266,'2022-04-01','HAKMANA','COLOMBO','05:00:00','08:00:00',300,'ND-0011'),(839,'2022-04-01','KADAWATHA','GALLE','05:00:00','06:40:00',200,'ND-0033'),(1098,'2022-04-01','KANDY','GALLE','05:00:00','11:30:00',380,'ND-0042'),(6,'2022-04-01','MAKUMBURA','GALLE','05:20:00','06:45:00',180,'ND-0001'),(7,'2022-04-01','GALLE','MAKUMBURA','05:20:00','06:45:00',180,'ND-0002'),(526,'2022-04-01','AKURESSA','COLOMBO','05:25:00','07:55:00',500,'ND-0021'),(318,'2022-04-01','NEGOMBO','MATARA','05:30:00','07:30:00',800,'ND-0013'),(760,'2022-04-01','ELPITIYA','COLOMBO','05:30:00','08:25:00',400,'ND-0030'),(1046,'2022-04-01','MATARA','PANADURA','05:30:00','07:30:00',150,'ND-0040'),(1047,'2022-04-01','PANADURA','MATARA','05:30:00','07:30:00',150,'ND-0041'),(1202,'2022-04-01','NEGOMBO','GALLE','05:30:00','10:30:00',600,'ND-0046'),(8,'2022-04-01','MAKUMBURA','GALLE','05:40:00','07:05:00',180,'ND-0003'),(9,'2022-04-01','GALLE','MAKUMBURA','05:40:00','07:05:00',180,'ND-0004'),(423,'2022-04-01','COLOMBO','MIDDENIYA','05:40:00','08:40:00',320,'ND-0018'),(942,'2022-04-01','GALLE','KADUWELA','05:40:00','07:10:00',190,'ND-0036'),(994,'2022-04-01','KANDY','MATARA','05:40:00','10:40:00',410,'ND-0038'),(943,'2022-04-01','KADUWELA','GALLE','06:00:00','07:30:00',190,'ND-0037'),(1099,'2022-04-01','GALLE','KANDY','06:15:00','12:45:00',380,'ND-0043'),(527,'2022-04-01','AKURESSA','COLOMBO','06:30:00','09:00:00',500,'ND-0022'),(1203,'2022-04-01','GALLE','NEGOMBO','06:30:00','11:30:00',600,'ND-0047'),(319,'2022-04-01','NEGOMBO','MATARA','07:00:00','09:00:00',800,'ND-0014'),(528,'2022-04-01','AKURESSA','COLOMBO','07:30:00','10:00:00',500,'ND-0023'),(320,'2022-04-01','MATARA','NEGOMBO','08:00:00','10:00:00',800,'ND-0015'),(474,'2022-04-01','EMBILIPITIYA','COLOMBO','08:40:00','12:20:00',300,'ND-0019'),(475,'2022-04-01','COLOMBO','EMBILIPITIYA','09:40:00','13:20:00',300,'ND-0020'),(787,'2022-04-01','COLOMBO','KATARAGAMA','10:30:00','14:10:00',400,'ND-0031'),(1255,'2022-04-01','COLOMBO','ELPITIYA','10:30:00','13:30:00',240,'ND-0049'),(321,'2022-04-01','MATARA','NEGOMBO','11:05:00','13:05:00',800,'ND-0016'),(656,'2022-04-01','COLOMBO','DEIYANDARA','12:00:00','14:30:00',400,'ND-0026'),(605,'2022-04-01','COLOMBO','WEERAKETIYA','12:45:00','15:35:00',270,'ND-0025'),(657,'2022-04-01','DEIYANDARA','COLOMBO','13:00:00','15:30:00',400,'ND-0027'),(267,'2022-04-01','COLOMBO','HAKMANA','13:30:00','16:30:00',300,'ND-0012'),(995,'2022-04-01','MATARA','KANDY','13:30:00','18:30:00',410,'ND-0039'),(1151,'2022-04-01','COLOMBO','KAMBURUPITIYA','14:15:00','19:00:00',1160,'ND-0045'),(709,'2022-04-01','COLOMBO','DENIYAYA','14:30:00','18:00:00',600,'ND-0029'),(1306,'2022-04-01','UNIVERSITY OF MORATUWA','MATARA','17:00:00','21:30:00',400,'ND-0050'),(1307,'2022-04-01','MATARA','UNIVERSITY OF MORATUWA','18:00:00','22:30:00',400,'ND-0051'),(788,'2022-04-02','KATARAGAMA','COLOMBO','01:45:00','05:25:00',400,'ND-0031'),(114,'2022-04-02','MAKUMBURA','MATARA','04:30:00','05:55:00',210,'ND-0005'),(710,'2022-04-02','DENIYAYA','COLOMBO','04:30:00','08:00:00',600,'ND-0028'),(115,'2022-04-02','MATARA','MAKUMBURA','04:40:00','06:05:00',210,'ND-0006'),(1256,'2022-04-02','ELPITIYA','COLOMBO','04:40:00','07:40:00',240,'ND-0048'),(1152,'2022-04-02','KAMBURUPITIYA','COLOMBO','04:55:00','09:40:00',1160,'ND-0044'),(116,'2022-04-02','MAKUMBURA','MATARA','05:00:00','06:25:00',210,'ND-0007'),(117,'2022-04-02','MATARA','MAKUMBURA','05:00:00','06:25:00',210,'ND-0008'),(216,'2022-04-02','MATARA','KADUWELA','05:00:00','07:00:00',230,'ND-0009'),(840,'2022-04-02','GALLE','KADAWATHA','05:00:00','06:40:00',200,'ND-0032'),(892,'2022-04-02','KADAWATHA','MATARA','05:00:00','07:00:00',230,'ND-0034'),(893,'2022-04-02','MATARA','KADAWATHA','05:00:00','07:00:00',230,'ND-0035'),(607,'2022-04-02','COLOMBO','WEERAKETIYA','05:15:00','08:05:00',270,'ND-0025'),(217,'2022-04-02','MATARA','KADUWELA','05:30:00','07:30:00',230,'ND-0010'),(841,'2022-04-02','KADAWATHA','GALLE','05:30:00','07:10:00',200,'ND-0033'),(1204,'2022-04-02','NEGOMBO','GALLE','05:30:00','10:30:00',600,'ND-0046'),(996,'2022-04-02','KANDY','MATARA','05:40:00','10:40:00',410,'ND-0038'),(10,'2022-04-02','MAKUMBURA','GALLE','06:00:00','07:25:00',180,'ND-0001'),(11,'2022-04-02','GALLE','MAKUMBURA','06:00:00','07:25:00',180,'ND-0002'),(761,'2022-04-02','ELPITIYA','COLOMBO','06:00:00','08:55:00',400,'ND-0030'),(944,'2022-04-02','GALLE','KADUWELA','06:10:00','07:40:00',190,'ND-0036'),(12,'2022-04-02','GALLE','MAKUMBURA','06:15:00','07:40:00',180,'ND-0003'),(13,'2022-04-02','MAKUMBURA','GALLE','06:20:00','07:45:00',180,'ND-0004'),(1048,'2022-04-02','MATARA','PANADURA','06:20:00','08:20:00',150,'ND-0040'),(269,'2022-04-02','COLOMBO','HAKMANA','06:30:00','09:30:00',300,'ND-0012'),(1049,'2022-04-02','PANADURA','MATARA','06:30:00','08:30:00',150,'ND-0041'),(1205,'2022-04-02','GALLE','NEGOMBO','06:30:00','11:30:00',600,'ND-0047'),(424,'2022-04-02','MIDDENIYA','COLOMBO','06:40:00','09:40:00',320,'ND-0017'),(945,'2022-04-02','KADUWELA','GALLE','06:40:00','08:10:00',190,'ND-0037'),(425,'2022-04-02','COLOMBO','MIDDENIYA','07:40:00','10:40:00',320,'ND-0018'),(529,'2022-04-02','COLOMBO','AKURESSA','10:30:00','13:00:00',500,'ND-0021'),(789,'2022-04-02','COLOMBO','KATARAGAMA','10:30:00','14:10:00',400,'ND-0031'),(1257,'2022-04-02','COLOMBO','ELPITIYA','10:30:00','13:30:00',240,'ND-0049'),(476,'2022-04-02','EMBILIPITIYA','COLOMBO','10:40:00','14:20:00',300,'ND-0019'),(477,'2022-04-02','COLOMBO','EMBILIPITIYA','11:40:00','15:20:00',300,'ND-0020'),(658,'2022-04-02','COLOMBO','DEIYANDARA','12:00:00','14:30:00',400,'ND-0026'),(530,'2022-04-02','COLOMBO','AKURESSA','13:00:00','15:30:00',500,'ND-0022'),(531,'2022-04-02','COLOMBO','AKURESSA','13:00:00','15:30:00',500,'ND-0023'),(659,'2022-04-02','DEIYANDARA','COLOMBO','13:00:00','15:30:00',400,'ND-0027'),(997,'2022-04-02','MATARA','KANDY','13:30:00','18:30:00',410,'ND-0039'),(322,'2022-04-02','MATARA','NEGOMBO','13:50:00','15:50:00',800,'ND-0013'),(1100,'2022-04-02','GALLE','KANDY','14:15:00','20:45:00',380,'ND-0042'),(1153,'2022-04-02','COLOMBO','KAMBURUPITIYA','14:15:00','19:00:00',1160,'ND-0045'),(711,'2022-04-02','COLOMBO','DENIYAYA','14:30:00','18:00:00',600,'ND-0029'),(323,'2022-04-02','MATARA','NEGOMBO','15:00:00','17:00:00',800,'ND-0014'),(324,'2022-04-02','NEGOMBO','MATARA','15:00:00','17:00:00',800,'ND-0015'),(1101,'2022-04-02','KANDY','GALLE','15:00:00','21:30:00',380,'ND-0043'),(1308,'2022-04-02','UNIVERSITY OF MORATUWA','MATARA','17:00:00','21:30:00',400,'ND-0050'),(1309,'2022-04-02','MATARA','UNIVERSITY OF MORATUWA','18:00:00','22:30:00',400,'ND-0051'),(325,'2022-04-02','NEGOMBO','MATARA','18:30:00','20:30:00',800,'ND-0016'),(606,'2022-04-02','WEERAKETIYA','COLOMBO','21:00:00','23:50:00',270,'ND-0024'),(268,'2022-04-02','HAKMANA','COLOMBO','22:00:00','01:00:00',300,'ND-0011'),(790,'2022-04-03','KATARAGAMA','COLOMBO','01:45:00','05:25:00',400,'ND-0031'),(712,'2022-04-03','DENIYAYA','COLOMBO','04:30:00','08:00:00',600,'ND-0028'),(1258,'2022-04-03','ELPITIYA','COLOMBO','04:40:00','07:40:00',240,'ND-0048'),(1154,'2022-04-03','KAMBURUPITIYA','COLOMBO','04:55:00','09:40:00',1160,'ND-0044'),(1102,'2022-04-03','KANDY','GALLE','05:00:00','11:30:00',380,'ND-0042'),(118,'2022-04-03','MATARA','MAKUMBURA','05:15:00','06:40:00',210,'ND-0005'),(119,'2022-04-03','MAKUMBURA','MATARA','05:20:00','06:45:00',210,'ND-0006'),(532,'2022-04-03','AKURESSA','COLOMBO','05:25:00','07:55:00',500,'ND-0021'),(120,'2022-04-03','MATARA','MAKUMBURA','05:30:00','06:55:00',210,'ND-0007'),(326,'2022-04-03','NEGOMBO','MATARA','05:30:00','07:30:00',800,'ND-0013'),(842,'2022-04-03','GALLE','KADAWATHA','05:30:00','07:10:00',200,'ND-0032'),(894,'2022-04-03','KADAWATHA','MATARA','05:30:00','07:30:00',230,'ND-0034'),(895,'2022-04-03','MATARA','KADAWATHA','05:30:00','07:30:00',230,'ND-0035'),(1206,'2022-04-03','NEGOMBO','GALLE','05:30:00','10:30:00',600,'ND-0046'),(121,'2022-04-03','MAKUMBURA','MATARA','05:40:00','07:05:00',210,'ND-0008'),(998,'2022-04-03','KANDY','MATARA','05:40:00','10:40:00',410,'ND-0038'),(218,'2022-04-03','KADUWELA','MATARA','06:00:00','08:00:00',230,'ND-0009'),(219,'2022-04-03','MATARA','KADUWELA','06:00:00','08:00:00',230,'ND-0010'),(843,'2022-04-03','KADAWATHA','GALLE','06:00:00','07:40:00',200,'ND-0033'),(1103,'2022-04-03','GALLE','KANDY','06:15:00','12:45:00',380,'ND-0043'),(14,'2022-04-03','GALLE','MAKUMBURA','06:30:00','07:55:00',180,'ND-0001'),(533,'2022-04-03','AKURESSA','COLOMBO','06:30:00','09:00:00',500,'ND-0022'),(762,'2022-04-03','ELPITIYA','COLOMBO','06:30:00','09:25:00',400,'ND-0030'),(1207,'2022-04-03','GALLE','NEGOMBO','06:30:00','11:30:00',600,'ND-0047'),(15,'2022-04-03','MAKUMBURA','GALLE','06:40:00','08:05:00',180,'ND-0002'),(946,'2022-04-03','GALLE','KADUWELA','06:40:00','08:10:00',190,'ND-0036'),(16,'2022-04-03','GALLE','MAKUMBURA','06:45:00','08:10:00',180,'ND-0003'),(17,'2022-04-03','MAKUMBURA','GALLE','07:00:00','08:25:00',180,'ND-0004'),(327,'2022-04-03','NEGOMBO','MATARA','07:00:00','09:00:00',800,'ND-0014'),(947,'2022-04-03','GALLE','KADUWELA','07:10:00','08:40:00',190,'ND-0037'),(1050,'2022-04-03','MATARA','PANADURA','07:10:00','09:10:00',150,'ND-0040'),(534,'2022-04-03','AKURESSA','COLOMBO','07:30:00','10:00:00',500,'ND-0023'),(1051,'2022-04-03','PANADURA','MATARA','07:30:00','09:30:00',150,'ND-0041'),(328,'2022-04-03','MATARA','NEGOMBO','08:00:00','10:00:00',800,'ND-0015'),(426,'2022-04-03','MIDDENIYA','COLOMBO','08:40:00','11:40:00',320,'ND-0017'),(427,'2022-04-03','COLOMBO','MIDDENIYA','09:40:00','12:40:00',320,'ND-0018'),(791,'2022-04-03','COLOMBO','KATARAGAMA','10:30:00','14:10:00',400,'ND-0031'),(1259,'2022-04-03','COLOMBO','ELPITIYA','10:30:00','13:30:00',240,'ND-0049'),(329,'2022-04-03','MATARA','NEGOMBO','11:05:00','13:05:00',800,'ND-0016'),(660,'2022-04-03','COLOMBO','DEIYANDARA','12:00:00','14:30:00',400,'ND-0026'),(478,'2022-04-03','EMBILIPITIYA','COLOMBO','12:40:00','16:20:00',300,'ND-0019'),(661,'2022-04-03','DEIYANDARA','COLOMBO','13:00:00','15:30:00',400,'ND-0027'),(608,'2022-04-03','WEERAKETIYA','COLOMBO','13:30:00','16:20:00',270,'ND-0024'),(999,'2022-04-03','MATARA','KANDY','13:30:00','18:30:00',410,'ND-0039'),(479,'2022-04-03','COLOMBO','EMBILIPITIYA','13:40:00','17:20:00',300,'ND-0020'),(1155,'2022-04-03','COLOMBO','KAMBURUPITIYA','14:15:00','19:00:00',1160,'ND-0045'),(713,'2022-04-03','COLOMBO','DENIYAYA','14:30:00','18:00:00',600,'ND-0029'),(270,'2022-04-03','HAKMANA','COLOMBO','15:00:00','18:00:00',300,'ND-0011'),(1310,'2022-04-03','UNIVERSITY OF MORATUWA','MATARA','17:00:00','21:30:00',400,'ND-0050'),(1311,'2022-04-03','MATARA','UNIVERSITY OF MORATUWA','18:00:00','22:30:00',400,'ND-0051'),(609,'2022-04-03','COLOMBO','WEERAKETIYA','21:45:00','00:35:00',270,'ND-0025'),(271,'2022-04-03','COLOMBO','HAKMANA','23:30:00','02:30:00',300,'ND-0012'),(792,'2022-04-04','KATARAGAMA','COLOMBO','01:45:00','05:25:00',400,'ND-0031'),(714,'2022-04-04','DENIYAYA','COLOMBO','04:30:00','08:00:00',600,'ND-0028'),(1260,'2022-04-04','ELPITIYA','COLOMBO','04:40:00','07:40:00',240,'ND-0048'),(1156,'2022-04-04','KAMBURUPITIYA','COLOMBO','04:55:00','09:40:00',1160,'ND-0044'),(1208,'2022-04-04','NEGOMBO','GALLE','05:30:00','10:30:00',600,'ND-0046'),(1000,'2022-04-04','KANDY','MATARA','05:40:00','10:40:00',410,'ND-0038'),(122,'2022-04-04','MATARA','MAKUMBURA','05:45:00','07:10:00',210,'ND-0005'),(123,'2022-04-04','MAKUMBURA','MATARA','06:00:00','07:25:00',210,'ND-0006'),(124,'2022-04-04','MATARA','MAKUMBURA','06:00:00','07:25:00',210,'ND-0007'),(610,'2022-04-04','WEERAKETIYA','COLOMBO','06:00:00','08:50:00',270,'ND-0024'),(844,'2022-04-04','GALLE','KADAWATHA','06:00:00','07:40:00',200,'ND-0032'),(896,'2022-04-04','KADAWATHA','MATARA','06:00:00','08:00:00',230,'ND-0034'),(897,'2022-04-04','MATARA','KADAWATHA','06:00:00','08:00:00',230,'ND-0035'),(125,'2022-04-04','MATARA','MAKUMBURA','06:15:00','07:40:00',210,'ND-0008'),(220,'2022-04-04','KADUWELA','MATARA','06:30:00','08:30:00',230,'ND-0009'),(221,'2022-04-04','MATARA','KADUWELA','06:30:00','08:30:00',230,'ND-0010'),(845,'2022-04-04','KADAWATHA','GALLE','06:30:00','08:10:00',200,'ND-0033'),(1209,'2022-04-04','GALLE','NEGOMBO','06:30:00','11:30:00',600,'ND-0047'),(18,'2022-04-04','GALLE','MAKUMBURA','07:00:00','08:25:00',180,'ND-0001'),(763,'2022-04-04','ELPITIYA','COLOMBO','07:00:00','09:55:00',400,'ND-0030'),(19,'2022-04-04','GALLE','MAKUMBURA','07:15:00','08:40:00',180,'ND-0002'),(20,'2022-04-04','MAKUMBURA','GALLE','07:20:00','08:45:00',180,'ND-0003'),(948,'2022-04-04','KADUWELA','GALLE','07:20:00','08:50:00',190,'ND-0036'),(21,'2022-04-04','GALLE','MAKUMBURA','07:30:00','08:55:00',180,'ND-0004'),(949,'2022-04-04','GALLE','KADUWELA','07:40:00','09:10:00',190,'ND-0037'),(272,'2022-04-04','HAKMANA','COLOMBO','08:00:00','11:00:00',300,'ND-0011'),(1052,'2022-04-04','MATARA','PANADURA','08:00:00','10:00:00',150,'ND-0040'),(1053,'2022-04-04','PANADURA','MATARA','08:30:00','10:30:00',150,'ND-0041'),(535,'2022-04-04','COLOMBO','AKURESSA','10:30:00','13:00:00',500,'ND-0021'),(793,'2022-04-04','COLOMBO','KATARAGAMA','10:30:00','14:10:00',400,'ND-0031'),(1261,'2022-04-04','COLOMBO','ELPITIYA','10:30:00','13:30:00',240,'ND-0049'),(428,'2022-04-04','MIDDENIYA','COLOMBO','10:40:00','13:40:00',320,'ND-0017'),(429,'2022-04-04','COLOMBO','MIDDENIYA','11:40:00','14:40:00',320,'ND-0018'),(662,'2022-04-04','COLOMBO','DEIYANDARA','12:00:00','14:30:00',400,'ND-0026'),(536,'2022-04-04','COLOMBO','AKURESSA','13:00:00','15:30:00',500,'ND-0022'),(537,'2022-04-04','COLOMBO','AKURESSA','13:00:00','15:30:00',500,'ND-0023'),(663,'2022-04-04','DEIYANDARA','COLOMBO','13:00:00','15:30:00',400,'ND-0027'),(1001,'2022-04-04','MATARA','KANDY','13:30:00','18:30:00',410,'ND-0039'),(330,'2022-04-04','MATARA','NEGOMBO','13:50:00','15:50:00',800,'ND-0013'),(611,'2022-04-04','COLOMBO','WEERAKETIYA','14:15:00','17:05:00',270,'ND-0025'),(1104,'2022-04-04','GALLE','KANDY','14:15:00','20:45:00',380,'ND-0042'),(1157,'2022-04-04','COLOMBO','KAMBURUPITIYA','14:15:00','19:00:00',1160,'ND-0045'),(715,'2022-04-04','COLOMBO','DENIYAYA','14:30:00','18:00:00',600,'ND-0029'),(480,'2022-04-04','EMBILIPITIYA','COLOMBO','14:40:00','18:20:00',300,'ND-0019'),(331,'2022-04-04','MATARA','NEGOMBO','15:00:00','17:00:00',800,'ND-0014'),(332,'2022-04-04','NEGOMBO','MATARA','15:00:00','17:00:00',800,'ND-0015'),(1105,'2022-04-04','KANDY','GALLE','15:00:00','21:30:00',380,'ND-0043'),(481,'2022-04-04','COLOMBO','EMBILIPITIYA','15:40:00','19:20:00',300,'ND-0020'),(273,'2022-04-04','COLOMBO','HAKMANA','16:30:00','19:30:00',300,'ND-0011'),(1312,'2022-04-04','UNIVERSITY OF MORATUWA','MATARA','17:00:00','21:30:00',400,'ND-0050'),(1313,'2022-04-04','MATARA','UNIVERSITY OF MORATUWA','18:00:00','22:30:00',400,'ND-0051'),(333,'2022-04-04','NEGOMBO','MATARA','18:30:00','20:30:00',800,'ND-0016'),(274,'2022-04-05','HAKMANA','COLOMBO','01:00:00','04:00:00',300,'ND-0012'),(794,'2022-04-05','KATARAGAMA','COLOMBO','01:45:00','05:25:00',400,'ND-0031'),(716,'2022-04-05','DENIYAYA','COLOMBO','04:30:00','08:00:00',600,'ND-0028'),(1262,'2022-04-05','ELPITIYA','COLOMBO','04:40:00','07:40:00',240,'ND-0048'),(1158,'2022-04-05','KAMBURUPITIYA','COLOMBO','04:55:00','09:40:00',1160,'ND-0044'),(1106,'2022-04-05','KANDY','GALLE','05:00:00','11:30:00',380,'ND-0042'),(538,'2022-04-05','AKURESSA','COLOMBO','05:25:00','07:55:00',500,'ND-0021'),(334,'2022-04-05','NEGOMBO','MATARA','05:30:00','07:30:00',800,'ND-0013'),(1210,'2022-04-05','NEGOMBO','GALLE','05:30:00','10:30:00',600,'ND-0046'),(1002,'2022-04-05','KANDY','MATARA','05:40:00','10:40:00',410,'ND-0038'),(1107,'2022-04-05','GALLE','KANDY','06:15:00','12:45:00',380,'ND-0043'),(126,'2022-04-05','MAKUMBURA','MATARA','06:20:00','07:45:00',210,'ND-0005'),(127,'2022-04-05','MATARA','MAKUMBURA','06:30:00','07:55:00',210,'ND-0006'),(539,'2022-04-05','AKURESSA','COLOMBO','06:30:00','09:00:00',500,'ND-0022'),(846,'2022-04-05','GALLE','KADAWATHA','06:30:00','08:10:00',200,'ND-0032'),(898,'2022-04-05','KADAWATHA','MATARA','06:30:00','08:30:00',230,'ND-0034'),(899,'2022-04-05','MATARA','KADAWATHA','06:30:00','08:30:00',230,'ND-0035'),(1211,'2022-04-05','GALLE','NEGOMBO','06:30:00','11:30:00',600,'ND-0047'),(128,'2022-04-05','MAKUMBURA','MATARA','06:40:00','08:05:00',210,'ND-0007'),(129,'2022-04-05','MATARA','MAKUMBURA','06:45:00','08:10:00',210,'ND-0008'),(613,'2022-04-05','COLOMBO','WEERAKETIYA','06:45:00','09:35:00',270,'ND-0025'),(222,'2022-04-05','KADUWELA','MATARA','07:00:00','09:00:00',230,'ND-0009'),(223,'2022-04-05','MATARA','KADUWELA','07:00:00','09:00:00',230,'ND-0010'),(335,'2022-04-05','NEGOMBO','MATARA','07:00:00','09:00:00',800,'ND-0014'),(847,'2022-04-05','KADAWATHA','GALLE','07:00:00','08:40:00',200,'ND-0033'),(540,'2022-04-05','AKURESSA','COLOMBO','07:30:00','10:00:00',500,'ND-0023'),(764,'2022-04-05','ELPITIYA','COLOMBO','07:30:00','10:25:00',400,'ND-0030'),(22,'2022-04-05','MAKUMBURA','GALLE','07:40:00','09:05:00',180,'ND-0001'),(23,'2022-04-05','GALLE','MAKUMBURA','07:45:00','09:10:00',180,'ND-0002'),(24,'2022-04-05','MAKUMBURA','GALLE','08:00:00','09:25:00',180,'ND-0003'),(25,'2022-04-05','GALLE','MAKUMBURA','08:00:00','09:25:00',180,'ND-0004'),(336,'2022-04-05','MATARA','NEGOMBO','08:00:00','10:00:00',800,'ND-0015'),(950,'2022-04-05','KADUWELA','GALLE','08:00:00','09:30:00',190,'ND-0036'),(951,'2022-04-05','GALLE','KADUWELA','08:10:00','09:40:00',190,'ND-0037'),(1054,'2022-04-05','MATARA','PANADURA','08:50:00','10:50:00',150,'ND-0040'),(275,'2022-04-05','COLOMBO','HAKMANA','09:30:00','12:30:00',300,'ND-0011'),(1055,'2022-04-05','PANADURA','MATARA','09:30:00','11:30:00',150,'ND-0041'),(795,'2022-04-05','COLOMBO','KATARAGAMA','10:30:00','14:10:00',400,'ND-0031'),(1263,'2022-04-05','COLOMBO','ELPITIYA','10:30:00','13:30:00',240,'ND-0049'),(337,'2022-04-05','MATARA','NEGOMBO','11:05:00','13:05:00',800,'ND-0016'),(664,'2022-04-05','COLOMBO','DEIYANDARA','12:00:00','14:30:00',400,'ND-0026'),(430,'2022-04-05','MIDDENIYA','COLOMBO','12:40:00','15:40:00',320,'ND-0017'),(665,'2022-04-05','DEIYANDARA','COLOMBO','13:00:00','15:30:00',400,'ND-0027'),(1003,'2022-04-05','MATARA','KANDY','13:30:00','18:30:00',410,'ND-0039'),(431,'2022-04-05','COLOMBO','MIDDENIYA','13:40:00','16:40:00',320,'ND-0018'),(1159,'2022-04-05','COLOMBO','KAMBURUPITIYA','14:15:00','19:00:00',1160,'ND-0045'),(717,'2022-04-05','COLOMBO','DENIYAYA','14:30:00','18:00:00',600,'ND-0029'),(482,'2022-04-05','EMBILIPITIYA','COLOMBO','16:40:00','20:20:00',300,'ND-0019'),(1314,'2022-04-05','UNIVERSITY OF MORATUWA','MATARA','17:00:00','21:30:00',400,'ND-0050'),(483,'2022-04-05','COLOMBO','EMBILIPITIYA','17:40:00','21:20:00',300,'ND-0020'),(1315,'2022-04-05','MATARA','UNIVERSITY OF MORATUWA','18:00:00','22:30:00',400,'ND-0051'),(612,'2022-04-05','WEERAKETIYA','COLOMBO','22:30:00','01:20:00',270,'ND-0024'),(796,'2022-04-06','KATARAGAMA','COLOMBO','01:45:00','05:25:00',400,'ND-0031'),(277,'2022-04-06','COLOMBO','HAKMANA','02:30:00','05:30:00',300,'ND-0011'),(718,'2022-04-06','DENIYAYA','COLOMBO','04:30:00','08:00:00',600,'ND-0028'),(1264,'2022-04-06','ELPITIYA','COLOMBO','04:40:00','07:40:00',240,'ND-0048'),(1160,'2022-04-06','KAMBURUPITIYA','COLOMBO','04:55:00','09:40:00',1160,'ND-0044'),(1212,'2022-04-06','NEGOMBO','GALLE','05:30:00','10:30:00',600,'ND-0046'),(1004,'2022-04-06','KANDY','MATARA','05:40:00','10:40:00',410,'ND-0038'),(1213,'2022-04-06','GALLE','NEGOMBO','06:30:00','11:30:00',600,'ND-0047'),(130,'2022-04-06','MAKUMBURA','MATARA','07:00:00','08:25:00',210,'ND-0005'),(131,'2022-04-06','MATARA','MAKUMBURA','07:00:00','08:25:00',210,'ND-0006'),(848,'2022-04-06','GALLE','KADAWATHA','07:00:00','08:40:00',200,'ND-0032'),(900,'2022-04-06','KADAWATHA','MATARA','07:00:00','09:00:00',230,'ND-0034'),(901,'2022-04-06','MATARA','KADAWATHA','07:00:00','09:00:00',230,'ND-0035'),(132,'2022-04-06','MAKUMBURA','MATARA','07:15:00','08:40:00',210,'ND-0007'),(133,'2022-04-06','MATARA','MAKUMBURA','07:15:00','08:40:00',210,'ND-0008'),(224,'2022-04-06','KADUWELA','MATARA','07:30:00','09:30:00',230,'ND-0009'),(225,'2022-04-06','MATARA','KADUWELA','07:30:00','09:30:00',230,'ND-0010'),(849,'2022-04-06','KADAWATHA','GALLE','07:30:00','09:10:00',200,'ND-0033'),(765,'2022-04-06','COLOMBO','ELPITIYA','07:45:00','10:40:00',400,'ND-0030'),(26,'2022-04-06','GALLE','MAKUMBURA','08:15:00','09:40:00',180,'ND-0001'),(27,'2022-04-06','MAKUMBURA','GALLE','08:20:00','09:45:00',180,'ND-0002'),(28,'2022-04-06','GALLE','MAKUMBURA','08:30:00','09:55:00',180,'ND-0003'),(29,'2022-04-06','MAKUMBURA','GALLE','08:40:00','10:05:00',180,'ND-0004'),(952,'2022-04-06','KADUWELA','GALLE','08:40:00','10:10:00',190,'ND-0036'),(953,'2022-04-06','GALLE','KADUWELA','08:40:00','10:10:00',190,'ND-0037'),(1056,'2022-04-06','MATARA','PANADURA','09:40:00','11:40:00',150,'ND-0040'),(541,'2022-04-06','COLOMBO','AKURESSA','10:30:00','13:00:00',500,'ND-0021'),(797,'2022-04-06','COLOMBO','KATARAGAMA','10:30:00','14:10:00',400,'ND-0031'),(1057,'2022-04-06','MATARA','PANADURA','10:30:00','12:30:00',150,'ND-0041'),(1265,'2022-04-06','COLOMBO','ELPITIYA','10:30:00','13:30:00',240,'ND-0049'),(666,'2022-04-06','COLOMBO','DEIYANDARA','12:00:00','14:30:00',400,'ND-0026'),(542,'2022-04-06','COLOMBO','AKURESSA','13:00:00','15:30:00',500,'ND-0022'),(543,'2022-04-06','COLOMBO','AKURESSA','13:00:00','15:30:00',500,'ND-0023'),(667,'2022-04-06','DEIYANDARA','COLOMBO','13:00:00','15:30:00',400,'ND-0027'),(1005,'2022-04-06','MATARA','KANDY','13:30:00','18:30:00',410,'ND-0039'),(338,'2022-04-06','MATARA','NEGOMBO','13:50:00','15:50:00',800,'ND-0013'),(1108,'2022-04-06','GALLE','KANDY','14:15:00','20:45:00',380,'ND-0042'),(1161,'2022-04-06','COLOMBO','KAMBURUPITIYA','14:15:00','19:00:00',1160,'ND-0045'),(719,'2022-04-06','COLOMBO','DENIYAYA','14:30:00','18:00:00',600,'ND-0029'),(432,'2022-04-06','MIDDENIYA','COLOMBO','14:40:00','17:40:00',320,'ND-0017'),(339,'2022-04-06','MATARA','NEGOMBO','15:00:00','17:00:00',800,'ND-0014'),(340,'2022-04-06','NEGOMBO','MATARA','15:00:00','17:00:00',800,'ND-0015'),(614,'2022-04-06','WEERAKETIYA','COLOMBO','15:00:00','17:50:00',270,'ND-0024'),(1109,'2022-04-06','KANDY','GALLE','15:00:00','21:30:00',380,'ND-0043'),(433,'2022-04-06','COLOMBO','MIDDENIYA','15:40:00','18:40:00',320,'ND-0018'),(1316,'2022-04-06','UNIVERSITY OF MORATUWA','MATARA','17:00:00','21:30:00',400,'ND-0050'),(276,'2022-04-06','HAKMANA','COLOMBO','18:00:00','21:00:00',300,'ND-0012'),(1317,'2022-04-06','MATARA','UNIVERSITY OF MORATUWA','18:00:00','22:30:00',400,'ND-0051'),(341,'2022-04-06','NEGOMBO','MATARA','18:30:00','20:30:00',800,'ND-0016'),(484,'2022-04-06','EMBILIPITIYA','COLOMBO','18:40:00','22:20:00',300,'ND-0019'),(485,'2022-04-06','COLOMBO','EMBILIPITIYA','19:40:00','23:20:00',300,'ND-0020'),(615,'2022-04-06','COLOMBO','WEERAKETIYA','23:15:00','02:05:00',270,'ND-0025'),(798,'2022-04-07','KATARAGAMA','COLOMBO','01:45:00','05:25:00',400,'ND-0031'),(720,'2022-04-07','DENIYAYA','COLOMBO','04:30:00','08:00:00',600,'ND-0028'),(1266,'2022-04-07','ELPITIYA','COLOMBO','04:40:00','07:40:00',240,'ND-0048'),(1162,'2022-04-07','KAMBURUPITIYA','COLOMBO','04:55:00','09:40:00',1160,'ND-0044'),(1110,'2022-04-07','KANDY','GALLE','05:00:00','11:30:00',380,'ND-0042'),(544,'2022-04-07','AKURESSA','COLOMBO','05:25:00','07:55:00',500,'ND-0021'),(342,'2022-04-07','NEGOMBO','MATARA','05:30:00','07:30:00',800,'ND-0013'),(1214,'2022-04-07','NEGOMBO','GALLE','05:30:00','10:30:00',600,'ND-0046'),(1006,'2022-04-07','KANDY','MATARA','05:40:00','10:40:00',410,'ND-0038'),(1111,'2022-04-07','GALLE','KANDY','06:15:00','12:45:00',380,'ND-0043'),(545,'2022-04-07','AKURESSA','COLOMBO','06:30:00','09:00:00',500,'ND-0022'),(1215,'2022-04-07','GALLE','NEGOMBO','06:30:00','11:30:00',600,'ND-0047'),(343,'2022-04-07','NEGOMBO','MATARA','07:00:00','09:00:00',800,'ND-0014'),(134,'2022-04-07','MAKUMBURA','MATARA','07:30:00','08:55:00',210,'ND-0005'),(135,'2022-04-07','MATARA','MAKUMBURA','07:30:00','08:55:00',210,'ND-0006'),(546,'2022-04-07','AKURESSA','COLOMBO','07:30:00','10:00:00',500,'ND-0023'),(616,'2022-04-07','WEERAKETIYA','COLOMBO','07:30:00','10:20:00',270,'ND-0024'),(850,'2022-04-07','GALLE','KADAWATHA','07:30:00','09:10:00',200,'ND-0032'),(902,'2022-04-07','KADAWATHA','MATARA','07:30:00','09:30:00',230,'ND-0034'),(903,'2022-04-07','MATARA','KADAWATHA','07:30:00','09:30:00',230,'ND-0035'),(136,'2022-04-07','MAKUMBURA','MATARA','07:45:00','09:10:00',210,'ND-0007'),(137,'2022-04-07','MATARA','MAKUMBURA','07:45:00','09:10:00',210,'ND-0008'),(226,'2022-04-07','KADUWELA','MATARA','08:00:00','10:00:00',230,'ND-0009'),(227,'2022-04-07','MATARA','KADUWELA','08:00:00','10:00:00',230,'ND-0010'),(344,'2022-04-07','MATARA','NEGOMBO','08:00:00','10:00:00',800,'ND-0015'),(851,'2022-04-07','KADAWATHA','GALLE','08:00:00','09:40:00',200,'ND-0033'),(766,'2022-04-07','ELPITIYA','COLOMBO','08:15:00','11:10:00',400,'ND-0030'),(30,'2022-04-07','GALLE','MAKUMBURA','08:45:00','10:10:00',180,'ND-0001'),(31,'2022-04-07','MAKUMBURA','GALLE','09:00:00','10:25:00',180,'ND-0002'),(32,'2022-04-07','GALLE','MAKUMBURA','09:00:00','10:25:00',180,'ND-0003'),(954,'2022-04-07','GALLE','KADUWELA','09:10:00','10:40:00',190,'ND-0036'),(33,'2022-04-07','MAKUMBURA','GALLE','09:20:00','10:45:00',180,'ND-0004'),(955,'2022-04-07','KADUWELA','GALLE','09:20:00','10:50:00',190,'ND-0037'),(799,'2022-04-07','COLOMBO','KATARAGAMA','10:30:00','14:10:00',400,'ND-0031'),(1058,'2022-04-07','PANADURA','MATARA','10:30:00','12:30:00',150,'ND-0040'),(1267,'2022-04-07','COLOMBO','ELPITIYA','10:30:00','13:30:00',240,'ND-0049'),(278,'2022-04-07','HAKMANA','COLOMBO','11:00:00','14:00:00',300,'ND-0012'),(345,'2022-04-07','MATARA','NEGOMBO','11:05:00','13:05:00',800,'ND-0016'),(1059,'2022-04-07','MATARA','PANADURA','11:30:00','13:30:00',150,'ND-0041'),(668,'2022-04-07','COLOMBO','DEIYANDARA','12:00:00','14:30:00',400,'ND-0026'),(669,'2022-04-07','DEIYANDARA','COLOMBO','13:00:00','15:30:00',400,'ND-0027'),(1007,'2022-04-07','MATARA','KANDY','13:30:00','18:30:00',410,'ND-0039'),(1163,'2022-04-07','COLOMBO','KAMBURUPITIYA','14:15:00','19:00:00',1160,'ND-0045'),(721,'2022-04-07','COLOMBO','DENIYAYA','14:30:00','18:00:00',600,'ND-0029'),(617,'2022-04-07','COLOMBO','WEERAKETIYA','15:45:00','18:35:00',270,'ND-0025'),(434,'2022-04-07','MIDDENIYA','COLOMBO','16:40:00','19:40:00',320,'ND-0017'),(1318,'2022-04-07','UNIVERSITY OF MORATUWA','MATARA','17:00:00','21:30:00',400,'ND-0050'),(435,'2022-04-07','COLOMBO','MIDDENIYA','17:40:00','20:40:00',320,'ND-0018'),(1319,'2022-04-07','MATARA','UNIVERSITY OF MORATUWA','18:00:00','22:30:00',400,'ND-0051'),(279,'2022-04-07','COLOMBO','HAKMANA','19:30:00','22:30:00',300,'ND-0011'),(486,'2022-04-07','EMBILIPITIYA','COLOMBO','20:40:00','00:20:00',300,'ND-0019'),(487,'2022-04-07','COLOMBO','EMBILIPITIYA','21:40:00','01:20:00',300,'ND-0020'),(618,'2022-04-08','WEERAKETIYA','COLOMBO','00:00:00','02:50:00',270,'ND-0024'),(800,'2022-04-08','KATARAGAMA','COLOMBO','01:45:00','05:25:00',400,'ND-0031'),(280,'2022-04-08','HAKMANA','COLOMBO','04:00:00','07:00:00',300,'ND-0012'),(722,'2022-04-08','DENIYAYA','COLOMBO','04:30:00','08:00:00',600,'ND-0028'),(1268,'2022-04-08','ELPITIYA','COLOMBO','04:40:00','07:40:00',240,'ND-0048'),(1164,'2022-04-08','KAMBURUPITIYA','COLOMBO','04:55:00','09:40:00',1160,'ND-0044'),(1216,'2022-04-08','NEGOMBO','GALLE','05:30:00','10:30:00',600,'ND-0046'),(1008,'2022-04-08','KANDY','MATARA','05:40:00','10:40:00',410,'ND-0038'),(1217,'2022-04-08','GALLE','NEGOMBO','06:30:00','11:30:00',600,'ND-0047'),(138,'2022-04-08','MAKUMBURA','MATARA','08:00:00','09:25:00',210,'ND-0005'),(139,'2022-04-08','MATARA','MAKUMBURA','08:00:00','09:25:00',210,'ND-0006'),(852,'2022-04-08','GALLE','KADAWATHA','08:00:00','09:40:00',200,'ND-0032'),(904,'2022-04-08','KADAWATHA','MATARA','08:00:00','10:00:00',230,'ND-0034'),(905,'2022-04-08','MATARA','KADAWATHA','08:00:00','10:00:00',230,'ND-0035'),(140,'2022-04-08','MAKUMBURA','MATARA','08:15:00','09:40:00',210,'ND-0007'),(141,'2022-04-08','MATARA','MAKUMBURA','08:15:00','09:40:00',210,'ND-0008'),(619,'2022-04-08','COLOMBO','WEERAKETIYA','08:15:00','11:05:00',270,'ND-0025'),(228,'2022-04-08','KADUWELA','MATARA','08:30:00','10:30:00',230,'ND-0009'),(229,'2022-04-08','MATARA','KADUWELA','08:30:00','10:30:00',230,'ND-0010'),(853,'2022-04-08','KADAWATHA','GALLE','08:30:00','10:10:00',200,'ND-0033'),(767,'2022-04-08','COLOMBO','ELPITIYA','08:45:00','11:40:00',400,'ND-0030'),(34,'2022-04-08','GALLE','MAKUMBURA','09:20:00','10:45:00',180,'ND-0001'),(35,'2022-04-08','MAKUMBURA','GALLE','09:40:00','11:05:00',180,'ND-0002'),(36,'2022-04-08','GALLE','MAKUMBURA','09:40:00','11:05:00',180,'ND-0003'),(956,'2022-04-08','GALLE','KADUWELA','09:40:00','11:10:00',190,'ND-0036'),(37,'2022-04-08','MAKUMBURA','GALLE','10:00:00','11:25:00',180,'ND-0004'),(957,'2022-04-08','KADUWELA','GALLE','10:00:00','11:30:00',190,'ND-0037'),(547,'2022-04-08','COLOMBO','AKURESSA','10:30:00','13:00:00',500,'ND-0021'),(801,'2022-04-08','COLOMBO','KATARAGAMA','10:30:00','14:10:00',400,'ND-0031'),(1269,'2022-04-08','COLOMBO','ELPITIYA','10:30:00','13:30:00',240,'ND-0049'),(1060,'2022-04-08','PANADURA','MATARA','11:30:00','13:30:00',150,'ND-0040'),(670,'2022-04-08','COLOMBO','DEIYANDARA','12:00:00','14:30:00',400,'ND-0026'),(281,'2022-04-08','COLOMBO','HAKMANA','12:30:00','15:30:00',300,'ND-0011'),(1061,'2022-04-08','MATARA','PANADURA','12:30:00','14:30:00',150,'ND-0041'),(548,'2022-04-08','COLOMBO','AKURESSA','13:00:00','15:30:00',500,'ND-0022'),(549,'2022-04-08','COLOMBO','AKURESSA','13:00:00','15:30:00',500,'ND-0023'),(671,'2022-04-08','DEIYANDARA','COLOMBO','13:00:00','15:30:00',400,'ND-0027'),(1009,'2022-04-08','MATARA','KANDY','13:30:00','18:30:00',410,'ND-0039'),(346,'2022-04-08','MATARA','NEGOMBO','13:50:00','15:50:00',800,'ND-0013'),(1112,'2022-04-08','GALLE','KANDY','14:15:00','20:45:00',380,'ND-0042'),(1165,'2022-04-08','COLOMBO','KAMBURUPITIYA','14:15:00','19:00:00',1160,'ND-0045'),(723,'2022-04-08','COLOMBO','DENIYAYA','14:30:00','18:00:00',600,'ND-0029'),(347,'2022-04-08','MATARA','NEGOMBO','15:00:00','17:00:00',800,'ND-0014'),(348,'2022-04-08','NEGOMBO','MATARA','15:00:00','17:00:00',800,'ND-0015'),(1113,'2022-04-08','KANDY','GALLE','15:00:00','21:30:00',380,'ND-0043'),(1320,'2022-04-08','UNIVERSITY OF MORATUWA','MATARA','17:00:00','21:30:00',400,'ND-0050'),(1321,'2022-04-08','MATARA','UNIVERSITY OF MORATUWA','18:00:00','22:30:00',400,'ND-0051'),(349,'2022-04-08','NEGOMBO','MATARA','18:30:00','20:30:00',800,'ND-0016'),(436,'2022-04-08','MIDDENIYA','COLOMBO','18:40:00','21:40:00',320,'ND-0017'),(437,'2022-04-08','COLOMBO','MIDDENIYA','19:40:00','22:40:00',320,'ND-0018'),(488,'2022-04-08','EMBILIPITIYA','COLOMBO','22:40:00','02:20:00',300,'ND-0019'),(489,'2022-04-08','COLOMBO','EMBILIPITIYA','23:40:00','03:20:00',300,'ND-0020'),(490,'2022-04-09','EMBILIPITIYA','COLOMBO','00:40:00','04:20:00',300,'ND-0019'),(621,'2022-04-09','COLOMBO','WEERAKETIYA','00:45:00','03:35:00',270,'ND-0025'),(491,'2022-04-09','COLOMBO','EMBILIPITIYA','01:40:00','05:20:00',300,'ND-0020'),(802,'2022-04-09','KATARAGAMA','COLOMBO','01:45:00','05:25:00',400,'ND-0031'),(724,'2022-04-09','DENIYAYA','COLOMBO','04:30:00','08:00:00',600,'ND-0028'),(1270,'2022-04-09','ELPITIYA','COLOMBO','04:40:00','07:40:00',240,'ND-0048'),(1166,'2022-04-09','KAMBURUPITIYA','COLOMBO','04:55:00','09:40:00',1160,'ND-0044'),(1114,'2022-04-09','KANDY','GALLE','05:00:00','11:30:00',380,'ND-0042'),(550,'2022-04-09','AKURESSA','COLOMBO','05:25:00','07:55:00',500,'ND-0021'),(283,'2022-04-09','COLOMBO','HAKMANA','05:30:00','08:30:00',300,'ND-0011'),(350,'2022-04-09','NEGOMBO','MATARA','05:30:00','07:30:00',800,'ND-0013'),(1218,'2022-04-09','NEGOMBO','GALLE','05:30:00','10:30:00',600,'ND-0046'),(1010,'2022-04-09','KANDY','MATARA','05:40:00','10:40:00',410,'ND-0038'),(1115,'2022-04-09','GALLE','KANDY','06:15:00','12:45:00',380,'ND-0043'),(551,'2022-04-09','AKURESSA','COLOMBO','06:30:00','09:00:00',500,'ND-0022'),(1219,'2022-04-09','GALLE','NEGOMBO','06:30:00','11:30:00',600,'ND-0047'),(351,'2022-04-09','NEGOMBO','MATARA','07:00:00','09:00:00',800,'ND-0014'),(552,'2022-04-09','AKURESSA','COLOMBO','07:30:00','10:00:00',500,'ND-0023'),(352,'2022-04-09','MATARA','NEGOMBO','08:00:00','10:00:00',800,'ND-0015'),(142,'2022-04-09','MAKUMBURA','MATARA','08:30:00','09:55:00',210,'ND-0005'),(143,'2022-04-09','MATARA','MAKUMBURA','08:30:00','09:55:00',210,'ND-0006'),(854,'2022-04-09','GALLE','KADAWATHA','08:30:00','10:10:00',200,'ND-0032'),(906,'2022-04-09','KADAWATHA','MATARA','08:30:00','10:30:00',230,'ND-0034'),(907,'2022-04-09','MATARA','KADAWATHA','08:30:00','10:30:00',230,'ND-0035'),(144,'2022-04-09','MAKUMBURA','MATARA','08:45:00','10:10:00',210,'ND-0007'),(145,'2022-04-09','MATARA','MAKUMBURA','08:45:00','10:10:00',210,'ND-0008'),(230,'2022-04-09','KADUWELA','MATARA','09:00:00','11:00:00',230,'ND-0009'),(231,'2022-04-09','MATARA','KADUWELA','09:00:00','11:00:00',230,'ND-0010'),(855,'2022-04-09','KADAWATHA','GALLE','09:00:00','10:40:00',200,'ND-0033'),(768,'2022-04-09','ELPITIYA','COLOMBO','09:15:00','12:10:00',400,'ND-0030'),(38,'2022-04-09','GALLE','MAKUMBURA','10:00:00','11:25:00',180,'ND-0001'),(958,'2022-04-09','GALLE','KADUWELA','10:10:00','11:40:00',190,'ND-0036'),(39,'2022-04-09','MAKUMBURA','GALLE','10:20:00','11:45:00',180,'ND-0002'),(40,'2022-04-09','GALLE','MAKUMBURA','10:20:00','11:45:00',180,'ND-0003'),(803,'2022-04-09','COLOMBO','KATARAGAMA','10:30:00','14:10:00',400,'ND-0031'),(1271,'2022-04-09','COLOMBO','ELPITIYA','10:30:00','13:30:00',240,'ND-0049'),(41,'2022-04-09','MAKUMBURA','GALLE','10:40:00','12:05:00',180,'ND-0004'),(959,'2022-04-09','KADUWELA','GALLE','10:40:00','12:10:00',190,'ND-0037'),(353,'2022-04-09','MATARA','NEGOMBO','11:05:00','13:05:00',800,'ND-0016'),(672,'2022-04-09','COLOMBO','DEIYANDARA','12:00:00','14:30:00',400,'ND-0026'),(1062,'2022-04-09','PANADURA','MATARA','12:30:00','14:30:00',150,'ND-0040'),(673,'2022-04-09','DEIYANDARA','COLOMBO','13:00:00','15:30:00',400,'ND-0027'),(1063,'2022-04-09','PANADURA','MATARA','13:20:00','15:20:00',150,'ND-0041'),(1011,'2022-04-09','MATARA','KANDY','13:30:00','18:30:00',410,'ND-0039'),(1167,'2022-04-09','COLOMBO','KAMBURUPITIYA','14:15:00','19:00:00',1160,'ND-0045'),(725,'2022-04-09','COLOMBO','DENIYAYA','14:30:00','18:00:00',600,'ND-0029'),(620,'2022-04-09','WEERAKETIYA','COLOMBO','16:30:00','19:20:00',270,'ND-0024'),(1322,'2022-04-09','UNIVERSITY OF MORATUWA','MATARA','17:00:00','21:30:00',400,'ND-0050'),(1323,'2022-04-09','MATARA','UNIVERSITY OF MORATUWA','18:00:00','22:30:00',400,'ND-0051'),(438,'2022-04-09','MIDDENIYA','COLOMBO','20:40:00','23:40:00',320,'ND-0017'),(282,'2022-04-09','HAKMANA','COLOMBO','21:00:00','00:00:00',300,'ND-0012'),(439,'2022-04-09','COLOMBO','MIDDENIYA','21:40:00','00:40:00',320,'ND-0018'),(804,'2022-04-10','KATARAGAMA','COLOMBO','01:45:00','05:25:00',400,'ND-0031'),(492,'2022-04-10','EMBILIPITIYA','COLOMBO','02:40:00','06:20:00',300,'ND-0019'),(493,'2022-04-10','COLOMBO','EMBILIPITIYA','03:40:00','07:20:00',300,'ND-0020'),(726,'2022-04-10','DENIYAYA','COLOMBO','04:30:00','08:00:00',600,'ND-0028'),(1272,'2022-04-10','ELPITIYA','COLOMBO','04:40:00','07:40:00',240,'ND-0048'),(1168,'2022-04-10','KAMBURUPITIYA','COLOMBO','04:55:00','09:40:00',1160,'ND-0044'),(1220,'2022-04-10','NEGOMBO','GALLE','05:30:00','10:30:00',600,'ND-0046'),(1012,'2022-04-10','KANDY','MATARA','05:40:00','10:40:00',410,'ND-0038'),(1221,'2022-04-10','GALLE','NEGOMBO','06:30:00','11:30:00',600,'ND-0047'),(146,'2022-04-10','MAKUMBURA','MATARA','09:00:00','10:25:00',210,'ND-0005'),(147,'2022-04-10','MATARA','MAKUMBURA','09:00:00','10:25:00',210,'ND-0006'),(622,'2022-04-10','WEERAKETIYA','COLOMBO','09:00:00','11:50:00',270,'ND-0024'),(856,'2022-04-10','GALLE','KADAWATHA','09:00:00','10:40:00',200,'ND-0032'),(908,'2022-04-10','KADAWATHA','MATARA','09:00:00','11:00:00',230,'ND-0034'),(909,'2022-04-10','MATARA','KADAWATHA','09:00:00','11:00:00',230,'ND-0035'),(148,'2022-04-10','MAKUMBURA','MATARA','09:15:00','10:40:00',210,'ND-0007'),(149,'2022-04-10','MATARA','MAKUMBURA','09:15:00','10:40:00',210,'ND-0008'),(232,'2022-04-10','KADUWELA','MATARA','09:30:00','11:30:00',230,'ND-0009'),(233,'2022-04-10','MATARA','KADUWELA','09:30:00','11:30:00',230,'ND-0010'),(857,'2022-04-10','KADAWATHA','GALLE','09:30:00','11:10:00',200,'ND-0033'),(769,'2022-04-10','COLOMBO','ELPITIYA','09:40:00','12:35:00',400,'ND-0030'),(553,'2022-04-10','COLOMBO','AKURESSA','10:30:00','13:00:00',500,'ND-0021'),(805,'2022-04-10','COLOMBO','KATARAGAMA','10:30:00','14:10:00',400,'ND-0031'),(1273,'2022-04-10','COLOMBO','ELPITIYA','10:30:00','13:30:00',240,'ND-0049'),(42,'2022-04-10','GALLE','MAKUMBURA','10:40:00','12:05:00',180,'ND-0001'),(960,'2022-04-10','GALLE','KADUWELA','10:40:00','12:10:00',190,'ND-0036'),(43,'2022-04-10','MAKUMBURA','GALLE','11:00:00','12:25:00',180,'ND-0002'),(44,'2022-04-10','GALLE','MAKUMBURA','11:00:00','12:25:00',180,'ND-0003'),(961,'2022-04-10','GALLE','KADUWELA','11:10:00','12:40:00',190,'ND-0037'),(45,'2022-04-10','MAKUMBURA','GALLE','11:20:00','12:45:00',180,'ND-0004'),(674,'2022-04-10','COLOMBO','DEIYANDARA','12:00:00','14:30:00',400,'ND-0026'),(554,'2022-04-10','COLOMBO','AKURESSA','13:00:00','15:30:00',500,'ND-0022'),(555,'2022-04-10','COLOMBO','AKURESSA','13:00:00','15:30:00',500,'ND-0023'),(675,'2022-04-10','DEIYANDARA','COLOMBO','13:00:00','15:30:00',400,'ND-0027'),(1013,'2022-04-10','MATARA','KANDY','13:30:00','18:30:00',410,'ND-0039'),(1064,'2022-04-10','MATARA','PANADURA','13:30:00','15:30:00',150,'ND-0040'),(354,'2022-04-10','MATARA','NEGOMBO','13:50:00','15:50:00',800,'ND-0013'),(284,'2022-04-10','HAKMANA','COLOMBO','14:00:00','17:00:00',300,'ND-0012'),(1065,'2022-04-10','PANADURA','MATARA','14:10:00','16:10:00',150,'ND-0041'),(1116,'2022-04-10','GALLE','KANDY','14:15:00','20:45:00',380,'ND-0042'),(1169,'2022-04-10','COLOMBO','KAMBURUPITIYA','14:15:00','19:00:00',1160,'ND-0045'),(727,'2022-04-10','COLOMBO','DENIYAYA','14:30:00','18:00:00',600,'ND-0029'),(355,'2022-04-10','MATARA','NEGOMBO','15:00:00','17:00:00',800,'ND-0014'),(356,'2022-04-10','NEGOMBO','MATARA','15:00:00','17:00:00',800,'ND-0015'),(1117,'2022-04-10','KANDY','GALLE','15:00:00','21:30:00',380,'ND-0043'),(1324,'2022-04-10','UNIVERSITY OF MORATUWA','MATARA','17:00:00','21:30:00',400,'ND-0050'),(623,'2022-04-10','COLOMBO','WEERAKETIYA','17:15:00','20:05:00',270,'ND-0025'),(1325,'2022-04-10','MATARA','UNIVERSITY OF MORATUWA','18:00:00','22:30:00',400,'ND-0051'),(357,'2022-04-10','NEGOMBO','MATARA','18:30:00','20:30:00',800,'ND-0016'),(285,'2022-04-10','COLOMBO','HAKMANA','22:30:00','01:30:00',300,'ND-0011'),(440,'2022-04-10','MIDDENIYA','COLOMBO','22:40:00','01:40:00',320,'ND-0017'),(441,'2022-04-10','COLOMBO','MIDDENIYA','23:40:00','02:40:00',320,'ND-0018'),(442,'2022-04-11','MIDDENIYA','COLOMBO','00:40:00','03:40:00',320,'ND-0017'),(624,'2022-04-11','WEERAKETIYA','COLOMBO','01:30:00','04:20:00',270,'ND-0024'),(443,'2022-04-11','COLOMBO','MIDDENIYA','01:40:00','04:40:00',320,'ND-0018'),(806,'2022-04-11','KATARAGAMA','COLOMBO','01:45:00','05:25:00',400,'ND-0031'),(728,'2022-04-11','DENIYAYA','COLOMBO','04:30:00','08:00:00',600,'ND-0028'),(494,'2022-04-11','EMBILIPITIYA','COLOMBO','04:40:00','08:20:00',300,'ND-0019'),(1274,'2022-04-11','ELPITIYA','COLOMBO','04:40:00','07:40:00',240,'ND-0048'),(1170,'2022-04-11','KAMBURUPITIYA','COLOMBO','04:55:00','09:40:00',1160,'ND-0044'),(1118,'2022-04-11','KANDY','GALLE','05:00:00','11:30:00',380,'ND-0042'),(556,'2022-04-11','AKURESSA','COLOMBO','05:25:00','07:55:00',500,'ND-0021'),(358,'2022-04-11','NEGOMBO','MATARA','05:30:00','07:30:00',800,'ND-0013'),(1222,'2022-04-11','NEGOMBO','GALLE','05:30:00','10:30:00',600,'ND-0046'),(495,'2022-04-11','COLOMBO','EMBILIPITIYA','05:40:00','09:20:00',300,'ND-0020'),(1014,'2022-04-11','KANDY','MATARA','05:40:00','10:40:00',410,'ND-0038'),(1119,'2022-04-11','GALLE','KANDY','06:15:00','12:45:00',380,'ND-0043'),(557,'2022-04-11','AKURESSA','COLOMBO','06:30:00','09:00:00',500,'ND-0022'),(1223,'2022-04-11','GALLE','NEGOMBO','06:30:00','11:30:00',600,'ND-0047'),(286,'2022-04-11','HAKMANA','COLOMBO','07:00:00','10:00:00',300,'ND-0012'),(359,'2022-04-11','NEGOMBO','MATARA','07:00:00','09:00:00',800,'ND-0014'),(558,'2022-04-11','AKURESSA','COLOMBO','07:30:00','10:00:00',500,'ND-0023'),(360,'2022-04-11','MATARA','NEGOMBO','08:00:00','10:00:00',800,'ND-0015'),(150,'2022-04-11','MAKUMBURA','MATARA','09:30:00','10:55:00',210,'ND-0005'),(151,'2022-04-11','MATARA','MAKUMBURA','09:30:00','10:55:00',210,'ND-0006'),(858,'2022-04-11','GALLE','KADAWATHA','09:30:00','11:10:00',200,'ND-0032'),(910,'2022-04-11','KADAWATHA','MATARA','09:30:00','11:30:00',230,'ND-0034'),(911,'2022-04-11','MATARA','KADAWATHA','09:30:00','11:30:00',230,'ND-0035'),(152,'2022-04-11','MAKUMBURA','MATARA','09:45:00','11:10:00',210,'ND-0007'),(153,'2022-04-11','MATARA','MAKUMBURA','09:45:00','11:10:00',210,'ND-0008'),(625,'2022-04-11','COLOMBO','WEERAKETIYA','09:45:00','12:35:00',270,'ND-0025'),(234,'2022-04-11','KADUWELA','MATARA','10:00:00','12:00:00',230,'ND-0009'),(235,'2022-04-11','MATARA','KADUWELA','10:00:00','12:00:00',230,'ND-0010'),(859,'2022-04-11','KADAWATHA','GALLE','10:00:00','11:40:00',200,'ND-0033'),(770,'2022-04-11','COLOMBO','ELPITIYA','10:30:00','13:25:00',400,'ND-0030'),(807,'2022-04-11','COLOMBO','KATARAGAMA','10:30:00','14:10:00',400,'ND-0031'),(1275,'2022-04-11','COLOMBO','ELPITIYA','10:30:00','13:30:00',240,'ND-0049'),(361,'2022-04-11','MATARA','NEGOMBO','11:05:00','13:05:00',800,'ND-0016'),(46,'2022-04-11','GALLE','MAKUMBURA','11:20:00','12:45:00',180,'ND-0001'),(962,'2022-04-11','KADUWELA','GALLE','11:20:00','12:50:00',190,'ND-0036'),(47,'2022-04-11','MAKUMBURA','GALLE','11:40:00','13:05:00',180,'ND-0002'),(48,'2022-04-11','GALLE','MAKUMBURA','11:40:00','13:05:00',180,'ND-0003'),(963,'2022-04-11','GALLE','KADUWELA','11:40:00','13:10:00',190,'ND-0037'),(49,'2022-04-11','MAKUMBURA','GALLE','12:00:00','13:25:00',180,'ND-0004'),(676,'2022-04-11','COLOMBO','DEIYANDARA','12:00:00','14:30:00',400,'ND-0026'),(677,'2022-04-11','DEIYANDARA','COLOMBO','13:00:00','15:30:00',400,'ND-0027'),(1015,'2022-04-11','MATARA','KANDY','13:30:00','18:30:00',410,'ND-0039'),(1171,'2022-04-11','COLOMBO','KAMBURUPITIYA','14:15:00','19:00:00',1160,'ND-0045'),(729,'2022-04-11','COLOMBO','DENIYAYA','14:30:00','18:00:00',600,'ND-0029'),(1066,'2022-04-11','MATARA','PANADURA','14:30:00','16:30:00',150,'ND-0040'),(1067,'2022-04-11','PANADURA','MATARA','15:00:00','17:00:00',150,'ND-0041'),(287,'2022-04-11','COLOMBO','HAKMANA','15:30:00','18:30:00',300,'ND-0011'),(1326,'2022-04-11','UNIVERSITY OF MORATUWA','MATARA','17:00:00','21:30:00',400,'ND-0050'),(1327,'2022-04-11','MATARA','UNIVERSITY OF MORATUWA','18:00:00','22:30:00',400,'ND-0051'),(288,'2022-04-12','HAKMANA','COLOMBO','00:00:00','03:00:00',300,'ND-0012'),(808,'2022-04-12','KATARAGAMA','COLOMBO','01:45:00','05:25:00',400,'ND-0031'),(627,'2022-04-12','COLOMBO','WEERAKETIYA','02:15:00','05:05:00',270,'ND-0025'),(444,'2022-04-12','MIDDENIYA','COLOMBO','02:40:00','05:40:00',320,'ND-0017'),(445,'2022-04-12','COLOMBO','MIDDENIYA','03:40:00','06:40:00',320,'ND-0018'),(730,'2022-04-12','DENIYAYA','COLOMBO','04:30:00','08:00:00',600,'ND-0028'),(1276,'2022-04-12','ELPITIYA','COLOMBO','04:40:00','07:40:00',240,'ND-0048'),(1172,'2022-04-12','KAMBURUPITIYA','COLOMBO','04:55:00','09:40:00',1160,'ND-0044'),(1224,'2022-04-12','NEGOMBO','GALLE','05:30:00','10:30:00',600,'ND-0046'),(1016,'2022-04-12','KANDY','MATARA','05:40:00','10:40:00',410,'ND-0038'),(1225,'2022-04-12','GALLE','NEGOMBO','06:30:00','11:30:00',600,'ND-0047'),(496,'2022-04-12','EMBILIPITIYA','COLOMBO','06:40:00','10:20:00',300,'ND-0019'),(497,'2022-04-12','COLOMBO','EMBILIPITIYA','07:40:00','11:20:00',300,'ND-0020'),(289,'2022-04-12','COLOMBO','HAKMANA','08:30:00','11:30:00',300,'ND-0011'),(154,'2022-04-12','MAKUMBURA','MATARA','10:00:00','11:25:00',210,'ND-0005'),(155,'2022-04-12','MATARA','MAKUMBURA','10:00:00','11:25:00',210,'ND-0006'),(860,'2022-04-12','GALLE','KADAWATHA','10:00:00','11:40:00',200,'ND-0032'),(912,'2022-04-12','KADAWATHA','MATARA','10:00:00','12:00:00',230,'ND-0034'),(913,'2022-04-12','MATARA','KADAWATHA','10:00:00','12:00:00',230,'ND-0035'),(156,'2022-04-12','MAKUMBURA','MATARA','10:10:00','11:35:00',210,'ND-0007'),(157,'2022-04-12','MATARA','MAKUMBURA','10:15:00','11:40:00',210,'ND-0008'),(236,'2022-04-12','KADUWELA','MATARA','10:30:00','12:30:00',230,'ND-0009'),(237,'2022-04-12','MATARA','KADUWELA','10:30:00','12:30:00',230,'ND-0010'),(559,'2022-04-12','COLOMBO','AKURESSA','10:30:00','13:00:00',500,'ND-0021'),(771,'2022-04-12','ELPITIYA','COLOMBO','10:30:00','13:25:00',400,'ND-0030'),(809,'2022-04-12','COLOMBO','KATARAGAMA','10:30:00','14:10:00',400,'ND-0031'),(861,'2022-04-12','KADAWATHA','GALLE','10:30:00','12:10:00',200,'ND-0033'),(1277,'2022-04-12','COLOMBO','ELPITIYA','10:30:00','13:30:00',240,'ND-0049'),(50,'2022-04-12','GALLE','MAKUMBURA','12:00:00','13:25:00',180,'ND-0001'),(678,'2022-04-12','COLOMBO','DEIYANDARA','12:00:00','14:30:00',400,'ND-0026'),(964,'2022-04-12','KADUWELA','GALLE','12:00:00','13:30:00',190,'ND-0036'),(965,'2022-04-12','GALLE','KADUWELA','12:10:00','13:40:00',190,'ND-0037'),(51,'2022-04-12','MAKUMBURA','GALLE','12:20:00','13:45:00',180,'ND-0002'),(52,'2022-04-12','GALLE','MAKUMBURA','12:20:00','13:45:00',180,'ND-0003'),(53,'2022-04-12','MAKUMBURA','GALLE','12:40:00','14:05:00',180,'ND-0004'),(560,'2022-04-12','COLOMBO','AKURESSA','13:00:00','15:30:00',500,'ND-0022'),(561,'2022-04-12','COLOMBO','AKURESSA','13:00:00','15:30:00',500,'ND-0023'),(679,'2022-04-12','DEIYANDARA','COLOMBO','13:00:00','15:30:00',400,'ND-0027'),(1017,'2022-04-12','MATARA','KANDY','13:30:00','18:30:00',410,'ND-0039'),(362,'2022-04-12','MATARA','NEGOMBO','13:50:00','15:50:00',800,'ND-0013'),(1120,'2022-04-12','GALLE','KANDY','14:15:00','20:45:00',380,'ND-0042'),(1173,'2022-04-12','COLOMBO','KAMBURUPITIYA','14:15:00','19:00:00',1160,'ND-0045'),(731,'2022-04-12','COLOMBO','DENIYAYA','14:30:00','18:00:00',600,'ND-0029'),(363,'2022-04-12','MATARA','NEGOMBO','15:00:00','17:00:00',800,'ND-0014'),(364,'2022-04-12','NEGOMBO','MATARA','15:00:00','17:00:00',800,'ND-0015'),(1121,'2022-04-12','KANDY','GALLE','15:00:00','21:30:00',380,'ND-0043'),(1068,'2022-04-12','MATARA','PANADURA','15:30:00','17:30:00',150,'ND-0040'),(1069,'2022-04-12','PANADURA','MATARA','15:50:00','17:50:00',150,'ND-0041'),(1328,'2022-04-12','UNIVERSITY OF MORATUWA','MATARA','17:00:00','21:30:00',400,'ND-0050'),(626,'2022-04-12','WEERAKETIYA','COLOMBO','18:00:00','20:50:00',270,'ND-0024'),(1329,'2022-04-12','MATARA','UNIVERSITY OF MORATUWA','18:00:00','22:30:00',400,'ND-0051'),(365,'2022-04-12','NEGOMBO','MATARA','18:30:00','20:30:00',800,'ND-0016'),(291,'2022-04-13','COLOMBO','HAKMANA','01:30:00','04:30:00',300,'ND-0011'),(810,'2022-04-13','KATARAGAMA','COLOMBO','01:45:00','05:25:00',400,'ND-0031'),(732,'2022-04-13','DENIYAYA','COLOMBO','04:30:00','08:00:00',600,'ND-0028'),(446,'2022-04-13','MIDDENIYA','COLOMBO','04:40:00','07:40:00',320,'ND-0017'),(1278,'2022-04-13','ELPITIYA','COLOMBO','04:40:00','07:40:00',240,'ND-0048'),(1174,'2022-04-13','KAMBURUPITIYA','COLOMBO','04:55:00','09:40:00',1160,'ND-0044'),(1122,'2022-04-13','KANDY','GALLE','05:00:00','11:30:00',380,'ND-0042'),(562,'2022-04-13','AKURESSA','COLOMBO','05:25:00','07:55:00',500,'ND-0021'),(366,'2022-04-13','NEGOMBO','MATARA','05:30:00','07:30:00',800,'ND-0013'),(1226,'2022-04-13','NEGOMBO','GALLE','05:30:00','10:30:00',600,'ND-0046'),(447,'2022-04-13','COLOMBO','MIDDENIYA','05:40:00','08:40:00',320,'ND-0018'),(1018,'2022-04-13','KANDY','MATARA','05:40:00','10:40:00',410,'ND-0038'),(1123,'2022-04-13','GALLE','KANDY','06:15:00','12:45:00',380,'ND-0043'),(563,'2022-04-13','AKURESSA','COLOMBO','06:30:00','09:00:00',500,'ND-0022'),(1227,'2022-04-13','GALLE','NEGOMBO','06:30:00','11:30:00',600,'ND-0047'),(367,'2022-04-13','NEGOMBO','MATARA','07:00:00','09:00:00',800,'ND-0014'),(564,'2022-04-13','AKURESSA','COLOMBO','07:30:00','10:00:00',500,'ND-0023'),(368,'2022-04-13','MATARA','NEGOMBO','08:00:00','10:00:00',800,'ND-0015'),(498,'2022-04-13','EMBILIPITIYA','COLOMBO','08:40:00','12:20:00',300,'ND-0019'),(499,'2022-04-13','COLOMBO','EMBILIPITIYA','09:40:00','13:20:00',300,'ND-0020'),(158,'2022-04-13','MAKUMBURA','MATARA','10:20:00','11:45:00',210,'ND-0005'),(159,'2022-04-13','MAKUMBURA','MATARA','10:30:00','11:55:00',210,'ND-0006'),(160,'2022-04-13','MATARA','MAKUMBURA','10:30:00','11:55:00',210,'ND-0007'),(628,'2022-04-13','WEERAKETIYA','COLOMBO','10:30:00','13:20:00',270,'ND-0024'),(811,'2022-04-13','COLOMBO','KATARAGAMA','10:30:00','14:10:00',400,'ND-0031'),(862,'2022-04-13','GALLE','KADAWATHA','10:30:00','12:10:00',200,'ND-0032'),(914,'2022-04-13','KADAWATHA','MATARA','10:30:00','12:30:00',230,'ND-0034'),(915,'2022-04-13','MATARA','KADAWATHA','10:30:00','12:30:00',230,'ND-0035'),(1279,'2022-04-13','COLOMBO','ELPITIYA','10:30:00','13:30:00',240,'ND-0049'),(161,'2022-04-13','MAKUMBURA','MATARA','10:40:00','12:05:00',210,'ND-0008'),(238,'2022-04-13','KADUWELA','MATARA','11:00:00','13:00:00',230,'ND-0009'),(239,'2022-04-13','MATARA','KADUWELA','11:00:00','13:00:00',230,'ND-0010'),(863,'2022-04-13','KADAWATHA','GALLE','11:00:00','12:40:00',200,'ND-0033'),(369,'2022-04-13','MATARA','NEGOMBO','11:05:00','13:05:00',800,'ND-0016'),(772,'2022-04-13','COLOMBO','ELPITIYA','11:20:00','14:15:00',400,'ND-0030'),(680,'2022-04-13','COLOMBO','DEIYANDARA','12:00:00','14:30:00',400,'ND-0026'),(54,'2022-04-13','GALLE','MAKUMBURA','12:40:00','14:05:00',180,'ND-0001'),(966,'2022-04-13','KADUWELA','GALLE','12:40:00','14:10:00',190,'ND-0036'),(967,'2022-04-13','GALLE','KADUWELA','12:50:00','14:20:00',190,'ND-0037'),(55,'2022-04-13','MAKUMBURA','GALLE','13:00:00','14:25:00',180,'ND-0002'),(56,'2022-04-13','GALLE','MAKUMBURA','13:00:00','14:25:00',180,'ND-0003'),(681,'2022-04-13','DEIYANDARA','COLOMBO','13:00:00','15:30:00',400,'ND-0027'),(57,'2022-04-13','MAKUMBURA','GALLE','13:20:00','14:45:00',180,'ND-0004'),(1019,'2022-04-13','MATARA','KANDY','13:30:00','18:30:00',410,'ND-0039'),(1175,'2022-04-13','COLOMBO','KAMBURUPITIYA','14:15:00','19:00:00',1160,'ND-0045'),(733,'2022-04-13','COLOMBO','DENIYAYA','14:30:00','18:00:00',600,'ND-0029'),(1070,'2022-04-13','MATARA','PANADURA','16:30:00','18:30:00',150,'ND-0040'),(1071,'2022-04-13','PANADURA','MATARA','16:40:00','18:40:00',150,'ND-0041'),(290,'2022-04-13','HAKMANA','COLOMBO','17:00:00','20:00:00',300,'ND-0012'),(1330,'2022-04-13','UNIVERSITY OF MORATUWA','MATARA','17:00:00','21:30:00',400,'ND-0050'),(1331,'2022-04-13','MATARA','UNIVERSITY OF MORATUWA','18:00:00','22:30:00',400,'ND-0051'),(629,'2022-04-13','COLOMBO','WEERAKETIYA','18:45:00','21:35:00',270,'ND-0025'),(812,'2022-04-14','KATARAGAMA','COLOMBO','01:45:00','05:25:00',400,'ND-0031'),(630,'2022-04-14','WEERAKETIYA','COLOMBO','03:00:00','05:50:00',270,'ND-0024'),(734,'2022-04-14','DENIYAYA','COLOMBO','04:30:00','08:00:00',600,'ND-0028'),(1280,'2022-04-14','ELPITIYA','COLOMBO','04:40:00','07:40:00',240,'ND-0048'),(1176,'2022-04-14','KAMBURUPITIYA','COLOMBO','04:55:00','09:40:00',1160,'ND-0044'),(1072,'2022-04-14','MATARA','PANADURA','05:30:00','07:30:00',150,'ND-0040'),(1073,'2022-04-14','PANADURA','MATARA','05:30:00','07:30:00',150,'ND-0041'),(1228,'2022-04-14','NEGOMBO','GALLE','05:30:00','10:30:00',600,'ND-0046'),(1020,'2022-04-14','KANDY','MATARA','05:40:00','10:40:00',410,'ND-0038'),(1229,'2022-04-14','GALLE','NEGOMBO','06:30:00','11:30:00',600,'ND-0047'),(448,'2022-04-14','MIDDENIYA','COLOMBO','06:40:00','09:40:00',320,'ND-0017'),(449,'2022-04-14','COLOMBO','MIDDENIYA','07:40:00','10:40:00',320,'ND-0018'),(292,'2022-04-14','HAKMANA','COLOMBO','10:00:00','13:00:00',300,'ND-0012'),(565,'2022-04-14','COLOMBO','AKURESSA','10:30:00','13:00:00',500,'ND-0021'),(813,'2022-04-14','COLOMBO','KATARAGAMA','10:30:00','14:10:00',400,'ND-0031'),(1281,'2022-04-14','COLOMBO','ELPITIYA','10:30:00','13:30:00',240,'ND-0049'),(500,'2022-04-14','EMBILIPITIYA','COLOMBO','10:40:00','14:20:00',300,'ND-0019'),(162,'2022-04-14','MATARA','MAKUMBURA','10:45:00','12:10:00',210,'ND-0005'),(163,'2022-04-14','MAKUMBURA','MATARA','10:50:00','12:15:00',210,'ND-0006'),(164,'2022-04-14','MAKUMBURA','MATARA','11:00:00','12:25:00',210,'ND-0007'),(165,'2022-04-14','MATARA','MAKUMBURA','11:00:00','12:25:00',210,'ND-0008'),(864,'2022-04-14','GALLE','KADAWATHA','11:00:00','12:40:00',200,'ND-0032'),(916,'2022-04-14','KADAWATHA','MATARA','11:00:00','13:00:00',230,'ND-0034'),(917,'2022-04-14','MATARA','KADAWATHA','11:00:00','13:00:00',230,'ND-0035'),(631,'2022-04-14','COLOMBO','WEERAKETIYA','11:15:00','14:05:00',270,'ND-0025'),(240,'2022-04-14','KADUWELA','MATARA','11:30:00','13:30:00',230,'ND-0009'),(241,'2022-04-14','MATARA','KADUWELA','11:30:00','13:30:00',230,'ND-0010'),(773,'2022-04-14','ELPITIYA','COLOMBO','11:30:00','14:25:00',400,'ND-0030'),(865,'2022-04-14','KADAWATHA','GALLE','11:30:00','13:10:00',200,'ND-0033'),(501,'2022-04-14','COLOMBO','EMBILIPITIYA','11:40:00','15:20:00',300,'ND-0020'),(682,'2022-04-14','COLOMBO','DEIYANDARA','12:00:00','14:30:00',400,'ND-0026'),(566,'2022-04-14','COLOMBO','AKURESSA','13:00:00','15:30:00',500,'ND-0022'),(567,'2022-04-14','COLOMBO','AKURESSA','13:00:00','15:30:00',500,'ND-0023'),(683,'2022-04-14','DEIYANDARA','COLOMBO','13:00:00','15:30:00',400,'ND-0027'),(58,'2022-04-14','GALLE','MAKUMBURA','13:20:00','14:45:00',180,'ND-0001'),(968,'2022-04-14','KADUWELA','GALLE','13:20:00','14:50:00',190,'ND-0036'),(969,'2022-04-14','GALLE','KADUWELA','13:30:00','15:00:00',190,'ND-0037'),(1021,'2022-04-14','MATARA','KANDY','13:30:00','18:30:00',410,'ND-0039'),(59,'2022-04-14','MAKUMBURA','GALLE','13:40:00','15:05:00',180,'ND-0002'),(60,'2022-04-14','GALLE','MAKUMBURA','13:40:00','15:05:00',180,'ND-0003'),(370,'2022-04-14','MATARA','NEGOMBO','13:50:00','15:50:00',800,'ND-0013'),(61,'2022-04-14','MAKUMBURA','GALLE','14:00:00','15:25:00',180,'ND-0004'),(1124,'2022-04-14','GALLE','KANDY','14:15:00','20:45:00',380,'ND-0042'),(1177,'2022-04-14','COLOMBO','KAMBURUPITIYA','14:15:00','19:00:00',1160,'ND-0045'),(735,'2022-04-14','COLOMBO','DENIYAYA','14:30:00','18:00:00',600,'ND-0029'),(371,'2022-04-14','MATARA','NEGOMBO','15:00:00','17:00:00',800,'ND-0014'),(372,'2022-04-14','NEGOMBO','MATARA','15:00:00','17:00:00',800,'ND-0015'),(1125,'2022-04-14','KANDY','GALLE','15:00:00','21:30:00',380,'ND-0043'),(1332,'2022-04-14','UNIVERSITY OF MORATUWA','MATARA','17:00:00','21:30:00',400,'ND-0050'),(1333,'2022-04-14','MATARA','UNIVERSITY OF MORATUWA','18:00:00','22:30:00',400,'ND-0051'),(293,'2022-04-14','COLOMBO','HAKMANA','18:30:00','21:30:00',300,'ND-0011'),(373,'2022-04-14','NEGOMBO','MATARA','18:30:00','20:30:00',800,'ND-0016'),(814,'2022-04-15','KATARAGAMA','COLOMBO','01:45:00','05:25:00',400,'ND-0031'),(294,'2022-04-15','HAKMANA','COLOMBO','03:00:00','06:00:00',300,'ND-0012'),(633,'2022-04-15','COLOMBO','WEERAKETIYA','03:45:00','06:35:00',270,'ND-0025'),(736,'2022-04-15','DENIYAYA','COLOMBO','04:30:00','08:00:00',600,'ND-0028'),(1282,'2022-04-15','ELPITIYA','COLOMBO','04:40:00','07:40:00',240,'ND-0048'),(1178,'2022-04-15','KAMBURUPITIYA','COLOMBO','04:55:00','09:40:00',1160,'ND-0044'),(1126,'2022-04-15','KANDY','GALLE','05:00:00','11:30:00',380,'ND-0042'),(568,'2022-04-15','AKURESSA','COLOMBO','05:25:00','07:55:00',500,'ND-0021'),(374,'2022-04-15','NEGOMBO','MATARA','05:30:00','07:30:00',800,'ND-0013'),(1230,'2022-04-15','NEGOMBO','GALLE','05:30:00','10:30:00',600,'ND-0046'),(1022,'2022-04-15','KANDY','MATARA','05:40:00','10:40:00',410,'ND-0038'),(1127,'2022-04-15','GALLE','KANDY','06:15:00','12:45:00',380,'ND-0043'),(1074,'2022-04-15','MATARA','PANADURA','06:20:00','08:20:00',150,'ND-0040'),(569,'2022-04-15','AKURESSA','COLOMBO','06:30:00','09:00:00',500,'ND-0022'),(1075,'2022-04-15','PANADURA','MATARA','06:30:00','08:30:00',150,'ND-0041'),(1231,'2022-04-15','GALLE','NEGOMBO','06:30:00','11:30:00',600,'ND-0047'),(375,'2022-04-15','NEGOMBO','MATARA','07:00:00','09:00:00',800,'ND-0014'),(570,'2022-04-15','AKURESSA','COLOMBO','07:30:00','10:00:00',500,'ND-0023'),(376,'2022-04-15','MATARA','NEGOMBO','08:00:00','10:00:00',800,'ND-0015'),(450,'2022-04-15','MIDDENIYA','COLOMBO','08:40:00','11:40:00',320,'ND-0017'),(451,'2022-04-15','COLOMBO','MIDDENIYA','09:40:00','12:40:00',320,'ND-0018'),(815,'2022-04-15','COLOMBO','KATARAGAMA','10:30:00','14:10:00',400,'ND-0031'),(1283,'2022-04-15','COLOMBO','ELPITIYA','10:30:00','13:30:00',240,'ND-0049'),(377,'2022-04-15','MATARA','NEGOMBO','11:05:00','13:05:00',800,'ND-0016'),(166,'2022-04-15','MAKUMBURA','MATARA','11:10:00','12:35:00',210,'ND-0005'),(167,'2022-04-15','MATARA','MAKUMBURA','11:15:00','12:40:00',210,'ND-0006'),(168,'2022-04-15','MAKUMBURA','MATARA','11:20:00','12:45:00',210,'ND-0007'),(169,'2022-04-15','MAKUMBURA','MATARA','11:30:00','12:55:00',210,'ND-0008'),(295,'2022-04-15','COLOMBO','HAKMANA','11:30:00','14:30:00',300,'ND-0011'),(866,'2022-04-15','GALLE','KADAWATHA','11:30:00','13:10:00',200,'ND-0032'),(918,'2022-04-15','KADAWATHA','MATARA','11:30:00','13:30:00',230,'ND-0034'),(919,'2022-04-15','MATARA','KADAWATHA','11:30:00','13:30:00',230,'ND-0035'),(242,'2022-04-15','KADUWELA','MATARA','12:00:00','14:00:00',230,'ND-0009'),(243,'2022-04-15','MATARA','KADUWELA','12:00:00','14:00:00',230,'ND-0010'),(684,'2022-04-15','COLOMBO','DEIYANDARA','12:00:00','14:30:00',400,'ND-0026'),(867,'2022-04-15','KADAWATHA','GALLE','12:00:00','13:40:00',200,'ND-0033'),(774,'2022-04-15','COLOMBO','ELPITIYA','12:15:00','15:10:00',400,'ND-0030'),(502,'2022-04-15','EMBILIPITIYA','COLOMBO','12:40:00','16:20:00',300,'ND-0019'),(685,'2022-04-15','DEIYANDARA','COLOMBO','13:00:00','15:30:00',400,'ND-0027'),(1023,'2022-04-15','MATARA','KANDY','13:30:00','18:30:00',410,'ND-0039'),(503,'2022-04-15','COLOMBO','EMBILIPITIYA','13:40:00','17:20:00',300,'ND-0020'),(970,'2022-04-15','KADUWELA','GALLE','13:50:00','15:20:00',190,'ND-0036'),(62,'2022-04-15','GALLE','MAKUMBURA','14:00:00','15:25:00',180,'ND-0001'),(971,'2022-04-15','GALLE','KADUWELA','14:10:00','15:40:00',190,'ND-0037'),(63,'2022-04-15','MAKUMBURA','GALLE','14:15:00','15:40:00',180,'ND-0002'),(64,'2022-04-15','GALLE','MAKUMBURA','14:15:00','15:40:00',180,'ND-0003'),(1179,'2022-04-15','COLOMBO','KAMBURUPITIYA','14:15:00','19:00:00',1160,'ND-0045'),(65,'2022-04-15','MAKUMBURA','GALLE','14:30:00','15:55:00',180,'ND-0004'),(737,'2022-04-15','COLOMBO','DENIYAYA','14:30:00','18:00:00',600,'ND-0029'),(1334,'2022-04-15','UNIVERSITY OF MORATUWA','MATARA','17:00:00','21:30:00',400,'ND-0050'),(1335,'2022-04-15','MATARA','UNIVERSITY OF MORATUWA','18:00:00','22:30:00',400,'ND-0051'),(632,'2022-04-15','WEERAKETIYA','COLOMBO','19:30:00','22:20:00',270,'ND-0024'),(816,'2022-04-16','KATARAGAMA','COLOMBO','01:45:00','05:25:00',400,'ND-0031'),(297,'2022-04-16','COLOMBO','HAKMANA','04:30:00','07:30:00',300,'ND-0011'),(738,'2022-04-16','DENIYAYA','COLOMBO','04:30:00','08:00:00',600,'ND-0028'),(1284,'2022-04-16','ELPITIYA','COLOMBO','04:40:00','07:40:00',240,'ND-0048'),(1180,'2022-04-16','KAMBURUPITIYA','COLOMBO','04:55:00','09:40:00',1160,'ND-0044'),(1232,'2022-04-16','NEGOMBO','GALLE','05:30:00','10:30:00',600,'ND-0046'),(1024,'2022-04-16','KANDY','MATARA','05:40:00','10:40:00',410,'ND-0038'),(1233,'2022-04-16','GALLE','NEGOMBO','06:30:00','11:30:00',600,'ND-0047'),(1076,'2022-04-16','MATARA','PANADURA','07:10:00','09:10:00',150,'ND-0040'),(1077,'2022-04-16','PANADURA','MATARA','07:30:00','09:30:00',150,'ND-0041'),(571,'2022-04-16','COLOMBO','AKURESSA','10:30:00','13:00:00',500,'ND-0021'),(817,'2022-04-16','COLOMBO','KATARAGAMA','10:30:00','14:10:00',400,'ND-0031'),(1285,'2022-04-16','COLOMBO','ELPITIYA','10:30:00','13:30:00',240,'ND-0049'),(452,'2022-04-16','MIDDENIYA','COLOMBO','10:40:00','13:40:00',320,'ND-0017'),(170,'2022-04-16','MATARA','MAKUMBURA','11:30:00','12:55:00',210,'ND-0005'),(171,'2022-04-16','MAKUMBURA','MATARA','11:40:00','13:05:00',210,'ND-0006'),(453,'2022-04-16','COLOMBO','MIDDENIYA','11:40:00','14:40:00',320,'ND-0018'),(172,'2022-04-16','MATARA','MAKUMBURA','11:45:00','13:10:00',210,'ND-0007'),(173,'2022-04-16','MAKUMBURA','MATARA','11:50:00','13:15:00',210,'ND-0008'),(634,'2022-04-16','WEERAKETIYA','COLOMBO','12:00:00','14:50:00',270,'ND-0024'),(686,'2022-04-16','COLOMBO','DEIYANDARA','12:00:00','14:30:00',400,'ND-0026'),(868,'2022-04-16','GALLE','KADAWATHA','12:00:00','13:40:00',200,'ND-0032'),(920,'2022-04-16','KADAWATHA','MATARA','12:00:00','14:00:00',230,'ND-0034'),(921,'2022-04-16','MATARA','KADAWATHA','12:00:00','14:00:00',230,'ND-0035'),(244,'2022-04-16','MATARA','KADUWELA','12:30:00','14:30:00',230,'ND-0009'),(775,'2022-04-16','ELPITIYA','COLOMBO','12:30:00','15:25:00',400,'ND-0030'),(869,'2022-04-16','KADAWATHA','GALLE','12:30:00','14:10:00',200,'ND-0033'),(245,'2022-04-16','KADUWELA','MATARA','12:40:00','14:40:00',230,'ND-0010'),(572,'2022-04-16','COLOMBO','AKURESSA','13:00:00','15:30:00',500,'ND-0022'),(573,'2022-04-16','COLOMBO','AKURESSA','13:00:00','15:30:00',500,'ND-0023'),(687,'2022-04-16','DEIYANDARA','COLOMBO','13:00:00','15:30:00',400,'ND-0027'),(1025,'2022-04-16','MATARA','KANDY','13:30:00','18:30:00',410,'ND-0039'),(378,'2022-04-16','MATARA','NEGOMBO','13:50:00','15:50:00',800,'ND-0013'),(1128,'2022-04-16','GALLE','KANDY','14:15:00','20:45:00',380,'ND-0042'),(1181,'2022-04-16','COLOMBO','KAMBURUPITIYA','14:15:00','19:00:00',1160,'ND-0045'),(972,'2022-04-16','KADUWELA','GALLE','14:20:00','15:50:00',190,'ND-0036'),(66,'2022-04-16','GALLE','MAKUMBURA','14:30:00','15:55:00',180,'ND-0001'),(739,'2022-04-16','COLOMBO','DENIYAYA','14:30:00','18:00:00',600,'ND-0029'),(504,'2022-04-16','EMBILIPITIYA','COLOMBO','14:40:00','18:20:00',300,'ND-0019'),(67,'2022-04-16','MAKUMBURA','GALLE','14:45:00','16:10:00',180,'ND-0002'),(68,'2022-04-16','GALLE','MAKUMBURA','14:45:00','16:10:00',180,'ND-0003'),(973,'2022-04-16','KADUWELA','GALLE','14:50:00','16:20:00',190,'ND-0037'),(69,'2022-04-16','MAKUMBURA','GALLE','15:00:00','16:25:00',180,'ND-0004'),(379,'2022-04-16','MATARA','NEGOMBO','15:00:00','17:00:00',800,'ND-0014'),(380,'2022-04-16','NEGOMBO','MATARA','15:00:00','17:00:00',800,'ND-0015'),(1129,'2022-04-16','KANDY','GALLE','15:00:00','21:30:00',380,'ND-0043'),(505,'2022-04-16','COLOMBO','EMBILIPITIYA','15:40:00','19:20:00',300,'ND-0020'),(1336,'2022-04-16','UNIVERSITY OF MORATUWA','MATARA','17:00:00','21:30:00',400,'ND-0050'),(1337,'2022-04-16','MATARA','UNIVERSITY OF MORATUWA','18:00:00','22:30:00',400,'ND-0051'),(381,'2022-04-16','NEGOMBO','MATARA','18:30:00','20:30:00',800,'ND-0016'),(296,'2022-04-16','HAKMANA','COLOMBO','20:00:00','23:00:00',300,'ND-0012'),(635,'2022-04-16','COLOMBO','WEERAKETIYA','20:15:00','23:05:00',270,'ND-0025'),(818,'2022-04-17','KATARAGAMA','COLOMBO','01:45:00','05:25:00',400,'ND-0031'),(636,'2022-04-17','WEERAKETIYA','COLOMBO','04:30:00','07:20:00',270,'ND-0024'),(740,'2022-04-17','DENIYAYA','COLOMBO','04:30:00','08:00:00',600,'ND-0028'),(1286,'2022-04-17','ELPITIYA','COLOMBO','04:40:00','07:40:00',240,'ND-0048'),(1182,'2022-04-17','KAMBURUPITIYA','COLOMBO','04:55:00','09:40:00',1160,'ND-0044'),(1130,'2022-04-17','KANDY','GALLE','05:00:00','11:30:00',380,'ND-0042'),(574,'2022-04-17','AKURESSA','COLOMBO','05:25:00','07:55:00',500,'ND-0021'),(382,'2022-04-17','NEGOMBO','MATARA','05:30:00','07:30:00',800,'ND-0013'),(1234,'2022-04-17','NEGOMBO','GALLE','05:30:00','10:30:00',600,'ND-0046'),(1026,'2022-04-17','KANDY','MATARA','05:40:00','10:40:00',410,'ND-0038'),(1131,'2022-04-17','GALLE','KANDY','06:15:00','12:45:00',380,'ND-0043'),(575,'2022-04-17','AKURESSA','COLOMBO','06:30:00','09:00:00',500,'ND-0022'),(1235,'2022-04-17','GALLE','NEGOMBO','06:30:00','11:30:00',600,'ND-0047'),(383,'2022-04-17','NEGOMBO','MATARA','07:00:00','09:00:00',800,'ND-0014'),(576,'2022-04-17','AKURESSA','COLOMBO','07:30:00','10:00:00',500,'ND-0023'),(384,'2022-04-17','MATARA','NEGOMBO','08:00:00','10:00:00',800,'ND-0015'),(1078,'2022-04-17','MATARA','PANADURA','08:00:00','10:00:00',150,'ND-0040'),(1079,'2022-04-17','PANADURA','MATARA','08:30:00','10:30:00',150,'ND-0041'),(819,'2022-04-17','COLOMBO','KATARAGAMA','10:30:00','14:10:00',400,'ND-0031'),(1287,'2022-04-17','COLOMBO','ELPITIYA','10:30:00','13:30:00',240,'ND-0049'),(385,'2022-04-17','MATARA','NEGOMBO','11:05:00','13:05:00',800,'ND-0016'),(174,'2022-04-17','MAKUMBURA','MATARA','12:00:00','13:25:00',210,'ND-0005'),(175,'2022-04-17','MATARA','MAKUMBURA','12:00:00','13:25:00',210,'ND-0006'),(688,'2022-04-17','COLOMBO','DEIYANDARA','12:00:00','14:30:00',400,'ND-0026'),(176,'2022-04-17','MAKUMBURA','MATARA','12:10:00','13:35:00',210,'ND-0007'),(177,'2022-04-17','MATARA','MAKUMBURA','12:15:00','13:40:00',210,'ND-0008'),(870,'2022-04-17','GALLE','KADAWATHA','12:30:00','14:10:00',200,'ND-0032'),(922,'2022-04-17','KADAWATHA','MATARA','12:30:00','14:30:00',230,'ND-0034'),(923,'2022-04-17','MATARA','KADAWATHA','12:30:00','14:30:00',230,'ND-0035'),(454,'2022-04-17','MIDDENIYA','COLOMBO','12:40:00','15:40:00',320,'ND-0017'),(637,'2022-04-17','COLOMBO','WEERAKETIYA','12:45:00','15:35:00',270,'ND-0025'),(246,'2022-04-17','MATARA','KADUWELA','13:00:00','15:00:00',230,'ND-0009'),(298,'2022-04-17','HAKMANA','COLOMBO','13:00:00','16:00:00',300,'ND-0012'),(689,'2022-04-17','DEIYANDARA','COLOMBO','13:00:00','15:30:00',400,'ND-0027'),(871,'2022-04-17','KADAWATHA','GALLE','13:00:00','14:40:00',200,'ND-0033'),(776,'2022-04-17','ELPITIYA','COLOMBO','13:15:00','16:10:00',400,'ND-0030'),(247,'2022-04-17','KADUWELA','MATARA','13:20:00','15:20:00',230,'ND-0010'),(1027,'2022-04-17','MATARA','KANDY','13:30:00','18:30:00',410,'ND-0039'),(455,'2022-04-17','COLOMBO','MIDDENIYA','13:40:00','16:40:00',320,'ND-0018'),(1183,'2022-04-17','COLOMBO','KAMBURUPITIYA','14:15:00','19:00:00',1160,'ND-0045'),(741,'2022-04-17','COLOMBO','DENIYAYA','14:30:00','18:00:00',600,'ND-0029'),(974,'2022-04-17','GALLE','KADUWELA','14:50:00','16:20:00',190,'ND-0036'),(70,'2022-04-17','GALLE','MAKUMBURA','15:00:00','16:25:00',180,'ND-0001'),(71,'2022-04-17','MAKUMBURA','GALLE','15:15:00','16:40:00',180,'ND-0002'),(72,'2022-04-17','GALLE','MAKUMBURA','15:15:00','16:40:00',180,'ND-0003'),(975,'2022-04-17','KADUWELA','GALLE','15:20:00','16:50:00',190,'ND-0037'),(73,'2022-04-17','MAKUMBURA','GALLE','15:30:00','16:55:00',180,'ND-0004'),(506,'2022-04-17','EMBILIPITIYA','COLOMBO','16:40:00','20:20:00',300,'ND-0019'),(1338,'2022-04-17','UNIVERSITY OF MORATUWA','MATARA','17:00:00','21:30:00',400,'ND-0050'),(507,'2022-04-17','COLOMBO','EMBILIPITIYA','17:40:00','21:20:00',300,'ND-0020'),(1339,'2022-04-17','MATARA','UNIVERSITY OF MORATUWA','18:00:00','22:30:00',400,'ND-0051'),(299,'2022-04-17','COLOMBO','HAKMANA','21:30:00','00:30:00',300,'ND-0011'),(820,'2022-04-18','KATARAGAMA','COLOMBO','01:45:00','05:25:00',400,'ND-0031'),(742,'2022-04-18','DENIYAYA','COLOMBO','04:30:00','08:00:00',600,'ND-0028'),(1288,'2022-04-18','ELPITIYA','COLOMBO','04:40:00','07:40:00',240,'ND-0048'),(1184,'2022-04-18','KAMBURUPITIYA','COLOMBO','04:55:00','09:40:00',1160,'ND-0044'),(639,'2022-04-18','COLOMBO','WEERAKETIYA','05:15:00','08:05:00',270,'ND-0025'),(1236,'2022-04-18','NEGOMBO','GALLE','05:30:00','10:30:00',600,'ND-0046'),(1028,'2022-04-18','KANDY','MATARA','05:40:00','10:40:00',410,'ND-0038'),(300,'2022-04-18','HAKMANA','COLOMBO','06:00:00','09:00:00',300,'ND-0012'),(1237,'2022-04-18','GALLE','NEGOMBO','06:30:00','11:30:00',600,'ND-0047'),(1080,'2022-04-18','MATARA','PANADURA','08:50:00','10:50:00',150,'ND-0040'),(1081,'2022-04-18','PANADURA','MATARA','09:30:00','11:30:00',150,'ND-0041'),(577,'2022-04-18','COLOMBO','AKURESSA','10:30:00','13:00:00',500,'ND-0021'),(821,'2022-04-18','COLOMBO','KATARAGAMA','10:30:00','14:10:00',400,'ND-0031'),(1289,'2022-04-18','COLOMBO','ELPITIYA','10:30:00','13:30:00',240,'ND-0049'),(690,'2022-04-18','COLOMBO','DEIYANDARA','12:00:00','14:30:00',400,'ND-0026'),(178,'2022-04-18','MAKUMBURA','MATARA','12:20:00','13:45:00',210,'ND-0005'),(179,'2022-04-18','MAKUMBURA','MATARA','12:30:00','13:55:00',210,'ND-0006'),(180,'2022-04-18','MATARA','MAKUMBURA','12:30:00','13:55:00',210,'ND-0007'),(181,'2022-04-18','MAKUMBURA','MATARA','12:40:00','14:05:00',210,'ND-0008'),(578,'2022-04-18','COLOMBO','AKURESSA','13:00:00','15:30:00',500,'ND-0022'),(579,'2022-04-18','COLOMBO','AKURESSA','13:00:00','15:30:00',500,'ND-0023'),(691,'2022-04-18','DEIYANDARA','COLOMBO','13:00:00','15:30:00',400,'ND-0027'),(872,'2022-04-18','GALLE','KADAWATHA','13:00:00','14:40:00',200,'ND-0032'),(924,'2022-04-18','KADAWATHA','MATARA','13:00:00','15:00:00',230,'ND-0034'),(925,'2022-04-18','MATARA','KADAWATHA','13:00:00','15:00:00',230,'ND-0035'),(248,'2022-04-18','MATARA','KADUWELA','13:30:00','15:30:00',230,'ND-0009'),(873,'2022-04-18','KADAWATHA','GALLE','13:30:00','15:10:00',200,'ND-0033'),(1029,'2022-04-18','MATARA','KANDY','13:30:00','18:30:00',410,'ND-0039'),(777,'2022-04-18','COLOMBO','ELPITIYA','13:45:00','16:40:00',400,'ND-0030'),(386,'2022-04-18','MATARA','NEGOMBO','13:50:00','15:50:00',800,'ND-0013'),(249,'2022-04-18','KADUWELA','MATARA','14:00:00','16:00:00',230,'ND-0010'),(1132,'2022-04-18','GALLE','KANDY','14:15:00','20:45:00',380,'ND-0042'),(1185,'2022-04-18','COLOMBO','KAMBURUPITIYA','14:15:00','19:00:00',1160,'ND-0045'),(301,'2022-04-18','COLOMBO','HAKMANA','14:30:00','17:30:00',300,'ND-0011'),(743,'2022-04-18','COLOMBO','DENIYAYA','14:30:00','18:00:00',600,'ND-0029'),(456,'2022-04-18','MIDDENIYA','COLOMBO','14:40:00','17:40:00',320,'ND-0017'),(387,'2022-04-18','MATARA','NEGOMBO','15:00:00','17:00:00',800,'ND-0014'),(388,'2022-04-18','NEGOMBO','MATARA','15:00:00','17:00:00',800,'ND-0015'),(1133,'2022-04-18','KANDY','GALLE','15:00:00','21:30:00',380,'ND-0043'),(74,'2022-04-18','GALLE','MAKUMBURA','15:30:00','16:55:00',180,'ND-0001'),(976,'2022-04-18','GALLE','KADUWELA','15:30:00','17:00:00',190,'ND-0036'),(457,'2022-04-18','COLOMBO','MIDDENIYA','15:40:00','18:40:00',320,'ND-0018'),(75,'2022-04-18','MAKUMBURA','GALLE','15:45:00','17:10:00',180,'ND-0002'),(76,'2022-04-18','GALLE','MAKUMBURA','15:45:00','17:10:00',180,'ND-0003'),(977,'2022-04-18','KADUWELA','GALLE','15:50:00','17:20:00',190,'ND-0037'),(77,'2022-04-18','MAKUMBURA','GALLE','16:00:00','17:25:00',180,'ND-0004'),(1340,'2022-04-18','UNIVERSITY OF MORATUWA','MATARA','17:00:00','21:30:00',400,'ND-0050'),(1341,'2022-04-18','MATARA','UNIVERSITY OF MORATUWA','18:00:00','22:30:00',400,'ND-0051'),(389,'2022-04-18','NEGOMBO','MATARA','18:30:00','20:30:00',800,'ND-0016'),(508,'2022-04-18','EMBILIPITIYA','COLOMBO','18:40:00','22:20:00',300,'ND-0019'),(509,'2022-04-18','COLOMBO','EMBILIPITIYA','19:40:00','23:20:00',300,'ND-0020'),(638,'2022-04-18','WEERAKETIYA','COLOMBO','21:00:00','23:50:00',270,'ND-0024'),(822,'2022-04-19','KATARAGAMA','COLOMBO','01:45:00','05:25:00',400,'ND-0031'),(744,'2022-04-19','DENIYAYA','COLOMBO','04:30:00','08:00:00',600,'ND-0028'),(1290,'2022-04-19','ELPITIYA','COLOMBO','04:40:00','07:40:00',240,'ND-0048'),(1186,'2022-04-19','KAMBURUPITIYA','COLOMBO','04:55:00','09:40:00',1160,'ND-0044'),(1134,'2022-04-19','KANDY','GALLE','05:00:00','11:30:00',380,'ND-0042'),(580,'2022-04-19','AKURESSA','COLOMBO','05:25:00','07:55:00',500,'ND-0021'),(390,'2022-04-19','NEGOMBO','MATARA','05:30:00','07:30:00',800,'ND-0013'),(1238,'2022-04-19','NEGOMBO','GALLE','05:30:00','10:30:00',600,'ND-0046'),(1030,'2022-04-19','KANDY','MATARA','05:40:00','10:40:00',410,'ND-0038'),(1135,'2022-04-19','GALLE','KANDY','06:15:00','12:45:00',380,'ND-0043'),(581,'2022-04-19','AKURESSA','COLOMBO','06:30:00','09:00:00',500,'ND-0022'),(1239,'2022-04-19','GALLE','NEGOMBO','06:30:00','11:30:00',600,'ND-0047'),(391,'2022-04-19','NEGOMBO','MATARA','07:00:00','09:00:00',800,'ND-0014'),(303,'2022-04-19','COLOMBO','HAKMANA','07:30:00','10:30:00',300,'ND-0012'),(582,'2022-04-19','AKURESSA','COLOMBO','07:30:00','10:00:00',500,'ND-0023'),(392,'2022-04-19','MATARA','NEGOMBO','08:00:00','10:00:00',800,'ND-0015'),(1082,'2022-04-19','MATARA','PANADURA','09:40:00','11:40:00',150,'ND-0040'),(823,'2022-04-19','COLOMBO','KATARAGAMA','10:30:00','14:10:00',400,'ND-0031'),(1083,'2022-04-19','MATARA','PANADURA','10:30:00','12:30:00',150,'ND-0041'),(1291,'2022-04-19','COLOMBO','ELPITIYA','10:30:00','13:30:00',240,'ND-0049'),(393,'2022-04-19','MATARA','NEGOMBO','11:05:00','13:05:00',800,'ND-0016'),(692,'2022-04-19','COLOMBO','DEIYANDARA','12:00:00','14:30:00',400,'ND-0026'),(182,'2022-04-19','MATARA','MAKUMBURA','12:45:00','14:10:00',210,'ND-0005'),(183,'2022-04-19','MAKUMBURA','MATARA','12:50:00','14:15:00',210,'ND-0006'),(184,'2022-04-19','MAKUMBURA','MATARA','13:00:00','14:25:00',210,'ND-0007'),(185,'2022-04-19','MATARA','MAKUMBURA','13:00:00','14:25:00',210,'ND-0008'),(693,'2022-04-19','DEIYANDARA','COLOMBO','13:00:00','15:30:00',400,'ND-0027'),(640,'2022-04-19','WEERAKETIYA','COLOMBO','13:30:00','16:20:00',270,'ND-0024'),(874,'2022-04-19','GALLE','KADAWATHA','13:30:00','15:10:00',200,'ND-0032'),(926,'2022-04-19','KADAWATHA','MATARA','13:30:00','15:30:00',230,'ND-0034'),(927,'2022-04-19','MATARA','KADAWATHA','13:30:00','15:30:00',230,'ND-0035'),(1031,'2022-04-19','MATARA','KANDY','13:30:00','18:30:00',410,'ND-0039'),(250,'2022-04-19','MATARA','KADUWELA','14:00:00','16:00:00',230,'ND-0009'),(778,'2022-04-19','ELPITIYA','COLOMBO','14:00:00','16:55:00',400,'ND-0030'),(875,'2022-04-19','KADAWATHA','GALLE','14:00:00','15:40:00',200,'ND-0033'),(1187,'2022-04-19','COLOMBO','KAMBURUPITIYA','14:15:00','19:00:00',1160,'ND-0045'),(251,'2022-04-19','KADUWELA','MATARA','14:30:00','16:30:00',230,'ND-0010'),(745,'2022-04-19','COLOMBO','DENIYAYA','14:30:00','18:00:00',600,'ND-0029'),(78,'2022-04-19','GALLE','MAKUMBURA','16:00:00','17:25:00',180,'ND-0001'),(978,'2022-04-19','GALLE','KADUWELA','16:10:00','17:40:00',190,'ND-0036'),(79,'2022-04-19','MAKUMBURA','GALLE','16:15:00','17:40:00',180,'ND-0002'),(80,'2022-04-19','GALLE','MAKUMBURA','16:20:00','17:45:00',180,'ND-0003'),(979,'2022-04-19','KADUWELA','GALLE','16:20:00','17:50:00',190,'ND-0037'),(81,'2022-04-19','MAKUMBURA','GALLE','16:30:00','17:55:00',180,'ND-0004'),(458,'2022-04-19','MIDDENIYA','COLOMBO','16:40:00','19:40:00',320,'ND-0017'),(1342,'2022-04-19','UNIVERSITY OF MORATUWA','MATARA','17:00:00','21:30:00',400,'ND-0050'),(459,'2022-04-19','COLOMBO','MIDDENIYA','17:40:00','20:40:00',320,'ND-0018'),(1343,'2022-04-19','MATARA','UNIVERSITY OF MORATUWA','18:00:00','22:30:00',400,'ND-0051'),(510,'2022-04-19','EMBILIPITIYA','COLOMBO','20:40:00','00:20:00',300,'ND-0019'),(511,'2022-04-19','COLOMBO','EMBILIPITIYA','21:40:00','01:20:00',300,'ND-0020'),(641,'2022-04-19','COLOMBO','WEERAKETIYA','21:45:00','00:35:00',270,'ND-0025'),(302,'2022-04-19','HAKMANA','COLOMBO','23:00:00','02:00:00',300,'ND-0011'),(305,'2022-04-20','COLOMBO','HAKMANA','00:30:00','03:30:00',300,'ND-0012'),(824,'2022-04-20','KATARAGAMA','COLOMBO','01:45:00','05:25:00',400,'ND-0031'),(746,'2022-04-20','DENIYAYA','COLOMBO','04:30:00','08:00:00',600,'ND-0028'),(1292,'2022-04-20','ELPITIYA','COLOMBO','04:40:00','07:40:00',240,'ND-0048'),(1188,'2022-04-20','KAMBURUPITIYA','COLOMBO','04:55:00','09:40:00',1160,'ND-0044'),(1240,'2022-04-20','NEGOMBO','GALLE','05:30:00','10:30:00',600,'ND-0046'),(1032,'2022-04-20','KANDY','MATARA','05:40:00','10:40:00',410,'ND-0038'),(642,'2022-04-20','WEERAKETIYA','COLOMBO','06:00:00','08:50:00',270,'ND-0024'),(1241,'2022-04-20','GALLE','NEGOMBO','06:30:00','11:30:00',600,'ND-0047'),(583,'2022-04-20','COLOMBO','AKURESSA','10:30:00','13:00:00',500,'ND-0021'),(825,'2022-04-20','COLOMBO','KATARAGAMA','10:30:00','14:10:00',400,'ND-0031'),(1084,'2022-04-20','PANADURA','MATARA','10:30:00','12:30:00',150,'ND-0040'),(1293,'2022-04-20','COLOMBO','ELPITIYA','10:30:00','13:30:00',240,'ND-0049'),(1085,'2022-04-20','MATARA','PANADURA','11:30:00','13:30:00',150,'ND-0041'),(694,'2022-04-20','COLOMBO','DEIYANDARA','12:00:00','14:30:00',400,'ND-0026'),(584,'2022-04-20','COLOMBO','AKURESSA','13:00:00','15:30:00',500,'ND-0022'),(585,'2022-04-20','COLOMBO','AKURESSA','13:00:00','15:30:00',500,'ND-0023'),(695,'2022-04-20','DEIYANDARA','COLOMBO','13:00:00','15:30:00',400,'ND-0027'),(186,'2022-04-20','MAKUMBURA','MATARA','13:10:00','14:35:00',210,'ND-0005'),(187,'2022-04-20','MATARA','MAKUMBURA','13:10:00','14:35:00',210,'ND-0006'),(188,'2022-04-20','MAKUMBURA','MATARA','13:20:00','14:45:00',210,'ND-0007'),(189,'2022-04-20','MATARA','MAKUMBURA','13:20:00','14:45:00',210,'ND-0008'),(1033,'2022-04-20','MATARA','KANDY','13:30:00','18:30:00',410,'ND-0039'),(394,'2022-04-20','MATARA','NEGOMBO','13:50:00','15:50:00',800,'ND-0013'),(876,'2022-04-20','GALLE','KADAWATHA','14:00:00','15:40:00',200,'ND-0032'),(928,'2022-04-20','KADAWATHA','MATARA','14:00:00','16:00:00',230,'ND-0034'),(929,'2022-04-20','MATARA','KADAWATHA','14:00:00','16:00:00',230,'ND-0035'),(643,'2022-04-20','COLOMBO','WEERAKETIYA','14:15:00','17:05:00',270,'ND-0025'),(877,'2022-04-20','GALLE','KADAWATHA','14:15:00','15:55:00',200,'ND-0033'),(1136,'2022-04-20','GALLE','KANDY','14:15:00','20:45:00',380,'ND-0042'),(1189,'2022-04-20','COLOMBO','KAMBURUPITIYA','14:15:00','19:00:00',1160,'ND-0045'),(252,'2022-04-20','MATARA','KADUWELA','14:30:00','16:30:00',230,'ND-0009'),(747,'2022-04-20','COLOMBO','DENIYAYA','14:30:00','18:00:00',600,'ND-0029'),(779,'2022-04-20','COLOMBO','ELPITIYA','14:45:00','17:40:00',400,'ND-0030'),(253,'2022-04-20','KADUWELA','MATARA','15:00:00','17:00:00',230,'ND-0010'),(395,'2022-04-20','MATARA','NEGOMBO','15:00:00','17:00:00',800,'ND-0014'),(396,'2022-04-20','NEGOMBO','MATARA','15:00:00','17:00:00',800,'ND-0015'),(1137,'2022-04-20','KANDY','GALLE','15:00:00','21:30:00',380,'ND-0043'),(304,'2022-04-20','HAKMANA','COLOMBO','16:00:00','19:00:00',300,'ND-0011'),(82,'2022-04-20','GALLE','MAKUMBURA','16:40:00','18:05:00',180,'ND-0001'),(83,'2022-04-20','MAKUMBURA','GALLE','16:45:00','18:10:00',180,'ND-0002'),(980,'2022-04-20','KADUWELA','GALLE','16:50:00','18:20:00',190,'ND-0036'),(981,'2022-04-20','GALLE','KADUWELA','16:50:00','18:20:00',190,'ND-0037'),(84,'2022-04-20','MAKUMBURA','GALLE','17:00:00','18:25:00',180,'ND-0003'),(85,'2022-04-20','GALLE','MAKUMBURA','17:00:00','18:25:00',180,'ND-0004'),(1344,'2022-04-20','UNIVERSITY OF MORATUWA','MATARA','17:00:00','21:30:00',400,'ND-0050'),(1345,'2022-04-20','MATARA','UNIVERSITY OF MORATUWA','18:00:00','22:30:00',400,'ND-0051'),(397,'2022-04-20','NEGOMBO','MATARA','18:30:00','20:30:00',800,'ND-0016'),(460,'2022-04-20','MIDDENIYA','COLOMBO','18:40:00','21:40:00',320,'ND-0017'),(461,'2022-04-20','COLOMBO','MIDDENIYA','19:40:00','22:40:00',320,'ND-0018'),(512,'2022-04-20','EMBILIPITIYA','COLOMBO','22:40:00','02:20:00',300,'ND-0019'),(513,'2022-04-20','COLOMBO','EMBILIPITIYA','23:40:00','03:20:00',300,'ND-0020'),(514,'2022-04-21','EMBILIPITIYA','COLOMBO','00:40:00','04:20:00',300,'ND-0019'),(515,'2022-04-21','COLOMBO','EMBILIPITIYA','01:40:00','05:20:00',300,'ND-0020'),(826,'2022-04-21','KATARAGAMA','COLOMBO','01:45:00','05:25:00',400,'ND-0031'),(748,'2022-04-21','DENIYAYA','COLOMBO','04:30:00','08:00:00',600,'ND-0028'),(1294,'2022-04-21','ELPITIYA','COLOMBO','04:40:00','07:40:00',240,'ND-0048'),(1190,'2022-04-21','KAMBURUPITIYA','COLOMBO','04:55:00','09:40:00',1160,'ND-0044'),(1138,'2022-04-21','KANDY','GALLE','05:00:00','11:30:00',380,'ND-0042'),(586,'2022-04-21','AKURESSA','COLOMBO','05:25:00','07:55:00',500,'ND-0021'),(398,'2022-04-21','NEGOMBO','MATARA','05:30:00','07:30:00',800,'ND-0013'),(1242,'2022-04-21','NEGOMBO','GALLE','05:30:00','10:30:00',600,'ND-0046'),(1034,'2022-04-21','KANDY','MATARA','05:40:00','10:40:00',410,'ND-0038'),(1139,'2022-04-21','GALLE','KANDY','06:15:00','12:45:00',380,'ND-0043'),(587,'2022-04-21','AKURESSA','COLOMBO','06:30:00','09:00:00',500,'ND-0022'),(1243,'2022-04-21','GALLE','NEGOMBO','06:30:00','11:30:00',600,'ND-0047'),(645,'2022-04-21','COLOMBO','WEERAKETIYA','06:45:00','09:35:00',270,'ND-0025'),(399,'2022-04-21','NEGOMBO','MATARA','07:00:00','09:00:00',800,'ND-0014'),(588,'2022-04-21','AKURESSA','COLOMBO','07:30:00','10:00:00',500,'ND-0023'),(400,'2022-04-21','MATARA','NEGOMBO','08:00:00','10:00:00',800,'ND-0015'),(306,'2022-04-21','HAKMANA','COLOMBO','09:00:00','12:00:00',300,'ND-0011'),(827,'2022-04-21','COLOMBO','KATARAGAMA','10:30:00','14:10:00',400,'ND-0031'),(1295,'2022-04-21','COLOMBO','ELPITIYA','10:30:00','13:30:00',240,'ND-0049'),(401,'2022-04-21','MATARA','NEGOMBO','11:05:00','13:05:00',800,'ND-0016'),(1086,'2022-04-21','PANADURA','MATARA','11:30:00','13:30:00',150,'ND-0040'),(696,'2022-04-21','COLOMBO','DEIYANDARA','12:00:00','14:30:00',400,'ND-0026'),(1087,'2022-04-21','MATARA','PANADURA','12:30:00','14:30:00',150,'ND-0041'),(697,'2022-04-21','DEIYANDARA','COLOMBO','13:00:00','15:30:00',400,'ND-0027'),(190,'2022-04-21','MAKUMBURA','MATARA','13:30:00','14:55:00',210,'ND-0005'),(191,'2022-04-21','MATARA','MAKUMBURA','13:30:00','14:55:00',210,'ND-0006'),(1035,'2022-04-21','MATARA','KANDY','13:30:00','18:30:00',410,'ND-0039'),(192,'2022-04-21','MAKUMBURA','MATARA','13:40:00','15:05:00',210,'ND-0007'),(193,'2022-04-21','MATARA','MAKUMBURA','13:40:00','15:05:00',210,'ND-0008'),(1191,'2022-04-21','COLOMBO','KAMBURUPITIYA','14:15:00','19:00:00',1160,'ND-0045'),(749,'2022-04-21','COLOMBO','DENIYAYA','14:30:00','18:00:00',600,'ND-0029'),(878,'2022-04-21','KADAWATHA','GALLE','14:30:00','16:10:00',200,'ND-0032'),(930,'2022-04-21','KADAWATHA','MATARA','14:30:00','16:30:00',230,'ND-0034'),(931,'2022-04-21','MATARA','KADAWATHA','14:30:00','16:30:00',230,'ND-0035'),(879,'2022-04-21','GALLE','KADAWATHA','14:45:00','16:25:00',200,'ND-0033'),(254,'2022-04-21','MATARA','KADUWELA','15:00:00','17:00:00',230,'ND-0009'),(780,'2022-04-21','ELPITIYA','COLOMBO','15:00:00','17:55:00',400,'ND-0030'),(255,'2022-04-21','KADUWELA','MATARA','15:30:00','17:30:00',230,'ND-0010'),(1346,'2022-04-21','UNIVERSITY OF MORATUWA','MATARA','17:00:00','21:30:00',400,'ND-0050'),(86,'2022-04-21','MAKUMBURA','GALLE','17:15:00','18:40:00',180,'ND-0001'),(87,'2022-04-21','GALLE','MAKUMBURA','17:20:00','18:45:00',180,'ND-0002'),(982,'2022-04-21','KADUWELA','GALLE','17:20:00','18:50:00',190,'ND-0036'),(88,'2022-04-21','MAKUMBURA','GALLE','17:30:00','18:55:00',180,'ND-0003'),(307,'2022-04-21','COLOMBO','HAKMANA','17:30:00','20:30:00',300,'ND-0012'),(983,'2022-04-21','GALLE','KADUWELA','17:30:00','19:00:00',190,'ND-0037'),(89,'2022-04-21','GALLE','MAKUMBURA','17:40:00','19:05:00',180,'ND-0004'),(1347,'2022-04-21','MATARA','UNIVERSITY OF MORATUWA','18:00:00','22:30:00',400,'ND-0051'),(462,'2022-04-21','MIDDENIYA','COLOMBO','20:40:00','23:40:00',320,'ND-0017'),(463,'2022-04-21','COLOMBO','MIDDENIYA','21:40:00','00:40:00',320,'ND-0018'),(644,'2022-04-21','WEERAKETIYA','COLOMBO','22:30:00','01:20:00',270,'ND-0024'),(828,'2022-04-22','KATARAGAMA','COLOMBO','01:45:00','05:25:00',400,'ND-0031'),(308,'2022-04-22','HAKMANA','COLOMBO','02:00:00','05:00:00',300,'ND-0011'),(516,'2022-04-22','EMBILIPITIYA','COLOMBO','02:40:00','06:20:00',300,'ND-0019'),(517,'2022-04-22','COLOMBO','EMBILIPITIYA','03:40:00','07:20:00',300,'ND-0020'),(750,'2022-04-22','DENIYAYA','COLOMBO','04:30:00','08:00:00',600,'ND-0028'),(1296,'2022-04-22','ELPITIYA','COLOMBO','04:40:00','07:40:00',240,'ND-0048'),(1192,'2022-04-22','KAMBURUPITIYA','COLOMBO','04:55:00','09:40:00',1160,'ND-0044'),(1244,'2022-04-22','NEGOMBO','GALLE','05:30:00','10:30:00',600,'ND-0046'),(1036,'2022-04-22','KANDY','MATARA','05:40:00','10:40:00',410,'ND-0038'),(1245,'2022-04-22','GALLE','NEGOMBO','06:30:00','11:30:00',600,'ND-0047'),(309,'2022-04-22','COLOMBO','HAKMANA','10:30:00','13:30:00',300,'ND-0012'),(589,'2022-04-22','COLOMBO','AKURESSA','10:30:00','13:00:00',500,'ND-0021'),(829,'2022-04-22','COLOMBO','KATARAGAMA','10:30:00','14:10:00',400,'ND-0031'),(1297,'2022-04-22','COLOMBO','ELPITIYA','10:30:00','13:30:00',240,'ND-0049'),(698,'2022-04-22','COLOMBO','DEIYANDARA','12:00:00','14:30:00',400,'ND-0026'),(1088,'2022-04-22','PANADURA','MATARA','12:30:00','14:30:00',150,'ND-0040'),(590,'2022-04-22','COLOMBO','AKURESSA','13:00:00','15:30:00',500,'ND-0022'),(591,'2022-04-22','COLOMBO','AKURESSA','13:00:00','15:30:00',500,'ND-0023'),(699,'2022-04-22','DEIYANDARA','COLOMBO','13:00:00','15:30:00',400,'ND-0027'),(1089,'2022-04-22','PANADURA','MATARA','13:20:00','15:20:00',150,'ND-0041'),(1037,'2022-04-22','MATARA','KANDY','13:30:00','18:30:00',410,'ND-0039'),(194,'2022-04-22','MAKUMBURA','MATARA','13:50:00','15:15:00',210,'ND-0005'),(195,'2022-04-22','MATARA','MAKUMBURA','13:50:00','15:15:00',210,'ND-0006'),(402,'2022-04-22','MATARA','NEGOMBO','13:50:00','15:50:00',800,'ND-0013'),(196,'2022-04-22','MAKUMBURA','MATARA','14:00:00','15:25:00',210,'ND-0007'),(197,'2022-04-22','MATARA','MAKUMBURA','14:00:00','15:25:00',210,'ND-0008'),(1140,'2022-04-22','GALLE','KANDY','14:15:00','20:45:00',380,'ND-0042'),(1193,'2022-04-22','COLOMBO','KAMBURUPITIYA','14:15:00','19:00:00',1160,'ND-0045'),(751,'2022-04-22','COLOMBO','DENIYAYA','14:30:00','18:00:00',600,'ND-0029'),(403,'2022-04-22','MATARA','NEGOMBO','15:00:00','17:00:00',800,'ND-0014'),(404,'2022-04-22','NEGOMBO','MATARA','15:00:00','17:00:00',800,'ND-0015'),(646,'2022-04-22','WEERAKETIYA','COLOMBO','15:00:00','17:50:00',270,'ND-0024'),(880,'2022-04-22','KADAWATHA','GALLE','15:00:00','16:40:00',200,'ND-0032'),(932,'2022-04-22','KADAWATHA','MATARA','15:00:00','17:00:00',230,'ND-0034'),(933,'2022-04-22','MATARA','KADAWATHA','15:00:00','17:00:00',230,'ND-0035'),(1141,'2022-04-22','KANDY','GALLE','15:00:00','21:30:00',380,'ND-0043'),(881,'2022-04-22','GALLE','KADAWATHA','15:15:00','16:55:00',200,'ND-0033'),(256,'2022-04-22','MATARA','KADUWELA','15:30:00','17:30:00',230,'ND-0009'),(781,'2022-04-22','COLOMBO','ELPITIYA','15:45:00','18:40:00',400,'ND-0030'),(257,'2022-04-22','KADUWELA','MATARA','16:00:00','18:00:00',230,'ND-0010'),(1348,'2022-04-22','UNIVERSITY OF MORATUWA','MATARA','17:00:00','21:30:00',400,'ND-0050'),(90,'2022-04-22','MAKUMBURA','GALLE','17:45:00','19:10:00',180,'ND-0001'),(984,'2022-04-22','KADUWELA','GALLE','17:50:00','19:20:00',190,'ND-0036'),(91,'2022-04-22','MAKUMBURA','GALLE','18:00:00','19:25:00',180,'ND-0002'),(92,'2022-04-22','GALLE','MAKUMBURA','18:00:00','19:25:00',180,'ND-0003'),(1349,'2022-04-22','MATARA','UNIVERSITY OF MORATUWA','18:00:00','22:30:00',400,'ND-0051'),(985,'2022-04-22','GALLE','KADUWELA','18:10:00','19:40:00',190,'ND-0037'),(93,'2022-04-22','MAKUMBURA','GALLE','18:15:00','19:40:00',180,'ND-0004'),(405,'2022-04-22','NEGOMBO','MATARA','18:30:00','20:30:00',800,'ND-0016'),(464,'2022-04-22','MIDDENIYA','COLOMBO','22:40:00','01:40:00',320,'ND-0017'),(647,'2022-04-22','COLOMBO','WEERAKETIYA','23:15:00','02:05:00',270,'ND-0025'),(465,'2022-04-22','COLOMBO','MIDDENIYA','23:40:00','02:40:00',320,'ND-0018'),(466,'2022-04-23','MIDDENIYA','COLOMBO','00:40:00','03:40:00',320,'ND-0017'),(467,'2022-04-23','COLOMBO','MIDDENIYA','01:40:00','04:40:00',320,'ND-0018'),(830,'2022-04-23','KATARAGAMA','COLOMBO','01:45:00','05:25:00',400,'ND-0031'),(311,'2022-04-23','COLOMBO','HAKMANA','03:30:00','06:30:00',300,'ND-0012'),(752,'2022-04-23','DENIYAYA','COLOMBO','04:30:00','08:00:00',600,'ND-0028'),(518,'2022-04-23','EMBILIPITIYA','COLOMBO','04:40:00','08:20:00',300,'ND-0019'),(1298,'2022-04-23','ELPITIYA','COLOMBO','04:40:00','07:40:00',240,'ND-0048'),(1194,'2022-04-23','KAMBURUPITIYA','COLOMBO','04:55:00','09:40:00',1160,'ND-0044'),(1142,'2022-04-23','KANDY','GALLE','05:00:00','11:30:00',380,'ND-0042'),(592,'2022-04-23','AKURESSA','COLOMBO','05:25:00','07:55:00',500,'ND-0021'),(406,'2022-04-23','NEGOMBO','MATARA','05:30:00','07:30:00',800,'ND-0013'),(1246,'2022-04-23','NEGOMBO','GALLE','05:30:00','10:30:00',600,'ND-0046'),(519,'2022-04-23','COLOMBO','EMBILIPITIYA','05:40:00','09:20:00',300,'ND-0020'),(1038,'2022-04-23','KANDY','MATARA','05:40:00','10:40:00',410,'ND-0038'),(1143,'2022-04-23','GALLE','KANDY','06:15:00','12:45:00',380,'ND-0043'),(593,'2022-04-23','AKURESSA','COLOMBO','06:30:00','09:00:00',500,'ND-0022'),(1247,'2022-04-23','GALLE','NEGOMBO','06:30:00','11:30:00',600,'ND-0047'),(407,'2022-04-23','NEGOMBO','MATARA','07:00:00','09:00:00',800,'ND-0014'),(594,'2022-04-23','AKURESSA','COLOMBO','07:30:00','10:00:00',500,'ND-0023'),(648,'2022-04-23','WEERAKETIYA','COLOMBO','07:30:00','10:20:00',270,'ND-0024'),(408,'2022-04-23','MATARA','NEGOMBO','08:00:00','10:00:00',800,'ND-0015'),(831,'2022-04-23','COLOMBO','KATARAGAMA','10:30:00','14:10:00',400,'ND-0031'),(1299,'2022-04-23','COLOMBO','ELPITIYA','10:30:00','13:30:00',240,'ND-0049'),(409,'2022-04-23','MATARA','NEGOMBO','11:05:00','13:05:00',800,'ND-0016'),(700,'2022-04-23','COLOMBO','DEIYANDARA','12:00:00','14:30:00',400,'ND-0026'),(701,'2022-04-23','DEIYANDARA','COLOMBO','13:00:00','15:30:00',400,'ND-0027'),(1039,'2022-04-23','MATARA','KANDY','13:30:00','18:30:00',410,'ND-0039'),(1090,'2022-04-23','MATARA','PANADURA','13:30:00','15:30:00',150,'ND-0040'),(198,'2022-04-23','MAKUMBURA','MATARA','14:10:00','15:35:00',210,'ND-0005'),(199,'2022-04-23','MATARA','MAKUMBURA','14:10:00','15:35:00',210,'ND-0006'),(1091,'2022-04-23','PANADURA','MATARA','14:10:00','16:10:00',150,'ND-0041'),(1195,'2022-04-23','COLOMBO','KAMBURUPITIYA','14:15:00','19:00:00',1160,'ND-0045'),(200,'2022-04-23','MAKUMBURA','MATARA','14:20:00','15:45:00',210,'ND-0007'),(201,'2022-04-23','MATARA','MAKUMBURA','14:20:00','15:45:00',210,'ND-0008'),(753,'2022-04-23','COLOMBO','DENIYAYA','14:30:00','18:00:00',600,'ND-0029'),(882,'2022-04-23','KADAWATHA','GALLE','15:30:00','17:10:00',200,'ND-0032'),(934,'2022-04-23','KADAWATHA','MATARA','15:30:00','17:30:00',230,'ND-0034'),(935,'2022-04-23','MATARA','KADAWATHA','15:30:00','17:30:00',230,'ND-0035'),(649,'2022-04-23','COLOMBO','WEERAKETIYA','15:45:00','18:35:00',270,'ND-0025'),(883,'2022-04-23','GALLE','KADAWATHA','15:45:00','17:25:00',200,'ND-0033'),(258,'2022-04-23','MATARA','KADUWELA','16:00:00','18:00:00',230,'ND-0009'),(259,'2022-04-23','KADUWELA','MATARA','16:30:00','18:30:00',230,'ND-0010'),(782,'2022-04-23','COLOMBO','ELPITIYA','16:45:00','19:40:00',400,'ND-0030'),(1350,'2022-04-23','UNIVERSITY OF MORATUWA','MATARA','17:00:00','21:30:00',400,'ND-0050'),(1351,'2022-04-23','MATARA','UNIVERSITY OF MORATUWA','18:00:00','22:30:00',400,'ND-0051'),(94,'2022-04-23','GALLE','MAKUMBURA','18:20:00','19:45:00',180,'ND-0001'),(986,'2022-04-23','KADUWELA','GALLE','18:20:00','19:50:00',190,'ND-0036'),(95,'2022-04-23','MAKUMBURA','GALLE','18:30:00','19:55:00',180,'ND-0002'),(96,'2022-04-23','GALLE','MAKUMBURA','18:40:00','20:05:00',180,'ND-0003'),(97,'2022-04-23','MAKUMBURA','GALLE','18:45:00','20:10:00',180,'ND-0004'),(987,'2022-04-23','KADUWELA','GALLE','18:50:00','20:20:00',190,'ND-0037'),(310,'2022-04-23','HAKMANA','COLOMBO','19:00:00','22:00:00',300,'ND-0011'),(650,'2022-04-24','WEERAKETIYA','COLOMBO','00:00:00','02:50:00',270,'ND-0024'),(832,'2022-04-24','KATARAGAMA','COLOMBO','01:45:00','05:25:00',400,'ND-0031'),(468,'2022-04-24','MIDDENIYA','COLOMBO','02:40:00','05:40:00',320,'ND-0017'),(469,'2022-04-24','COLOMBO','MIDDENIYA','03:40:00','06:40:00',320,'ND-0018'),(754,'2022-04-24','DENIYAYA','COLOMBO','04:30:00','08:00:00',600,'ND-0028'),(1300,'2022-04-24','ELPITIYA','COLOMBO','04:40:00','07:40:00',240,'ND-0048'),(1196,'2022-04-24','KAMBURUPITIYA','COLOMBO','04:55:00','09:40:00',1160,'ND-0044'),(1248,'2022-04-24','NEGOMBO','GALLE','05:30:00','10:30:00',600,'ND-0046'),(1040,'2022-04-24','KANDY','MATARA','05:40:00','10:40:00',410,'ND-0038'),(1249,'2022-04-24','GALLE','NEGOMBO','06:30:00','11:30:00',600,'ND-0047'),(520,'2022-04-24','EMBILIPITIYA','COLOMBO','06:40:00','10:20:00',300,'ND-0019'),(521,'2022-04-24','COLOMBO','EMBILIPITIYA','07:40:00','11:20:00',300,'ND-0020'),(651,'2022-04-24','COLOMBO','WEERAKETIYA','08:15:00','11:05:00',270,'ND-0025'),(595,'2022-04-24','COLOMBO','AKURESSA','10:30:00','13:00:00',500,'ND-0021'),(833,'2022-04-24','COLOMBO','KATARAGAMA','10:30:00','14:10:00',400,'ND-0031'),(1301,'2022-04-24','COLOMBO','ELPITIYA','10:30:00','13:30:00',240,'ND-0049'),(312,'2022-04-24','HAKMANA','COLOMBO','12:00:00','15:00:00',300,'ND-0011'),(702,'2022-04-24','COLOMBO','DEIYANDARA','12:00:00','14:30:00',400,'ND-0026'),(596,'2022-04-24','COLOMBO','AKURESSA','13:00:00','15:30:00',500,'ND-0022'),(597,'2022-04-24','COLOMBO','AKURESSA','13:00:00','15:30:00',500,'ND-0023'),(703,'2022-04-24','DEIYANDARA','COLOMBO','13:00:00','15:30:00',400,'ND-0027'),(1041,'2022-04-24','MATARA','KANDY','13:30:00','18:30:00',410,'ND-0039'),(410,'2022-04-24','MATARA','NEGOMBO','13:50:00','15:50:00',800,'ND-0013'),(1144,'2022-04-24','GALLE','KANDY','14:15:00','20:45:00',380,'ND-0042'),(1197,'2022-04-24','COLOMBO','KAMBURUPITIYA','14:15:00','19:00:00',1160,'ND-0045'),(202,'2022-04-24','MAKUMBURA','MATARA','14:30:00','15:55:00',210,'ND-0005'),(203,'2022-04-24','MATARA','MAKUMBURA','14:30:00','15:55:00',210,'ND-0006'),(755,'2022-04-24','COLOMBO','DENIYAYA','14:30:00','18:00:00',600,'ND-0029'),(1092,'2022-04-24','MATARA','PANADURA','14:30:00','16:30:00',150,'ND-0040'),(204,'2022-04-24','MAKUMBURA','MATARA','14:40:00','16:05:00',210,'ND-0007'),(205,'2022-04-24','MATARA','MAKUMBURA','14:40:00','16:05:00',210,'ND-0008'),(411,'2022-04-24','MATARA','NEGOMBO','15:00:00','17:00:00',800,'ND-0014'),(412,'2022-04-24','NEGOMBO','MATARA','15:00:00','17:00:00',800,'ND-0015'),(1093,'2022-04-24','PANADURA','MATARA','15:00:00','17:00:00',150,'ND-0041'),(1145,'2022-04-24','KANDY','GALLE','15:00:00','21:30:00',380,'ND-0043'),(884,'2022-04-24','KADAWATHA','GALLE','16:00:00','17:40:00',200,'ND-0032'),(936,'2022-04-24','KADAWATHA','MATARA','16:00:00','18:00:00',230,'ND-0034'),(937,'2022-04-24','MATARA','KADAWATHA','16:00:00','18:00:00',230,'ND-0035'),(885,'2022-04-24','GALLE','KADAWATHA','16:15:00','17:55:00',200,'ND-0033'),(260,'2022-04-24','MATARA','KADUWELA','16:30:00','18:30:00',230,'ND-0009'),(261,'2022-04-24','KADUWELA','MATARA','17:00:00','19:00:00',230,'ND-0010'),(1352,'2022-04-24','UNIVERSITY OF MORATUWA','MATARA','17:00:00','21:30:00',400,'ND-0050'),(783,'2022-04-24','COLOMBO','ELPITIYA','17:45:00','20:40:00',400,'ND-0030'),(1353,'2022-04-24','MATARA','UNIVERSITY OF MORATUWA','18:00:00','22:30:00',400,'ND-0051'),(413,'2022-04-24','NEGOMBO','MATARA','18:30:00','20:30:00',800,'ND-0016'),(988,'2022-04-24','GALLE','KADUWELA','18:50:00','20:20:00',190,'ND-0036'),(98,'2022-04-24','MAKUMBURA','GALLE','19:00:00','20:25:00',180,'ND-0001'),(99,'2022-04-24','GALLE','MAKUMBURA','19:00:00','20:25:00',180,'ND-0002'),(100,'2022-04-24','MAKUMBURA','GALLE','19:20:00','20:45:00',180,'ND-0003'),(101,'2022-04-24','GALLE','MAKUMBURA','19:20:00','20:45:00',180,'ND-0004'),(989,'2022-04-24','KADUWELA','GALLE','19:20:00','20:50:00',190,'ND-0037'),(313,'2022-04-24','COLOMBO','HAKMANA','20:30:00','23:30:00',300,'ND-0012'),(653,'2022-04-25','COLOMBO','WEERAKETIYA','00:45:00','03:35:00',270,'ND-0025'),(834,'2022-04-25','KATARAGAMA','COLOMBO','01:45:00','05:25:00',400,'ND-0031'),(756,'2022-04-25','DENIYAYA','COLOMBO','04:30:00','08:00:00',600,'ND-0028'),(470,'2022-04-25','MIDDENIYA','COLOMBO','04:40:00','07:40:00',320,'ND-0017'),(1302,'2022-04-25','ELPITIYA','COLOMBO','04:40:00','07:40:00',240,'ND-0048'),(1198,'2022-04-25','KAMBURUPITIYA','COLOMBO','04:55:00','09:40:00',1160,'ND-0044'),(314,'2022-04-25','HAKMANA','COLOMBO','05:00:00','08:00:00',300,'ND-0011'),(1146,'2022-04-25','KANDY','GALLE','05:00:00','11:30:00',380,'ND-0042'),(598,'2022-04-25','AKURESSA','COLOMBO','05:25:00','07:55:00',500,'ND-0021'),(414,'2022-04-25','NEGOMBO','MATARA','05:30:00','07:30:00',800,'ND-0013'),(1250,'2022-04-25','NEGOMBO','GALLE','05:30:00','10:30:00',600,'ND-0046'),(471,'2022-04-25','COLOMBO','MIDDENIYA','05:40:00','08:40:00',320,'ND-0018'),(1042,'2022-04-25','KANDY','MATARA','05:40:00','10:40:00',410,'ND-0038'),(1147,'2022-04-25','GALLE','KANDY','06:15:00','12:45:00',380,'ND-0043'),(599,'2022-04-25','AKURESSA','COLOMBO','06:30:00','09:00:00',500,'ND-0022'),(1251,'2022-04-25','GALLE','NEGOMBO','06:30:00','11:30:00',600,'ND-0047'),(415,'2022-04-25','NEGOMBO','MATARA','07:00:00','09:00:00',800,'ND-0014'),(600,'2022-04-25','AKURESSA','COLOMBO','07:30:00','10:00:00',500,'ND-0023'),(416,'2022-04-25','MATARA','NEGOMBO','08:00:00','10:00:00',800,'ND-0015'),(522,'2022-04-25','EMBILIPITIYA','COLOMBO','08:40:00','12:20:00',300,'ND-0019'),(523,'2022-04-25','COLOMBO','EMBILIPITIYA','09:40:00','13:20:00',300,'ND-0020'),(835,'2022-04-25','COLOMBO','KATARAGAMA','10:30:00','14:10:00',400,'ND-0031'),(1303,'2022-04-25','COLOMBO','ELPITIYA','10:30:00','13:30:00',240,'ND-0049'),(417,'2022-04-25','MATARA','NEGOMBO','11:05:00','13:05:00',800,'ND-0016'),(704,'2022-04-25','COLOMBO','DEIYANDARA','12:00:00','14:30:00',400,'ND-0026'),(705,'2022-04-25','DEIYANDARA','COLOMBO','13:00:00','15:30:00',400,'ND-0027'),(315,'2022-04-25','COLOMBO','HAKMANA','13:30:00','16:30:00',300,'ND-0012'),(1043,'2022-04-25','MATARA','KANDY','13:30:00','18:30:00',410,'ND-0039'),(1199,'2022-04-25','COLOMBO','KAMBURUPITIYA','14:15:00','19:00:00',1160,'ND-0045'),(757,'2022-04-25','COLOMBO','DENIYAYA','14:30:00','18:00:00',600,'ND-0029'),(206,'2022-04-25','MAKUMBURA','MATARA','14:50:00','16:15:00',210,'ND-0005'),(207,'2022-04-25','MATARA','MAKUMBURA','14:50:00','16:15:00',210,'ND-0006'),(208,'2022-04-25','MAKUMBURA','MATARA','15:00:00','16:25:00',210,'ND-0007'),(209,'2022-04-25','MATARA','MAKUMBURA','15:00:00','16:25:00',210,'ND-0008'),(1094,'2022-04-25','MATARA','PANADURA','15:30:00','17:30:00',150,'ND-0040'),(1095,'2022-04-25','PANADURA','MATARA','15:50:00','17:50:00',150,'ND-0041'),(652,'2022-04-25','WEERAKETIYA','COLOMBO','16:30:00','19:20:00',270,'ND-0024'),(886,'2022-04-25','KADAWATHA','GALLE','16:30:00','18:10:00',200,'ND-0032'),(887,'2022-04-25','GALLE','KADAWATHA','16:30:00','18:10:00',200,'ND-0033'),(938,'2022-04-25','KADAWATHA','MATARA','16:30:00','18:30:00',230,'ND-0034'),(939,'2022-04-25','MATARA','KADAWATHA','16:30:00','18:30:00',230,'ND-0035'),(262,'2022-04-25','MATARA','KADUWELA','17:00:00','19:00:00',230,'ND-0009'),(1354,'2022-04-25','UNIVERSITY OF MORATUWA','MATARA','17:00:00','21:30:00',400,'ND-0050'),(263,'2022-04-25','KADUWELA','MATARA','17:30:00','19:30:00',230,'ND-0010'),(1355,'2022-04-25','MATARA','UNIVERSITY OF MORATUWA','18:00:00','22:30:00',400,'ND-0051'),(990,'2022-04-25','KADUWELA','GALLE','18:20:00','19:50:00',190,'ND-0036'),(784,'2022-04-25','COLOMBO','ELPITIYA','18:45:00','21:40:00',400,'ND-0030'),(991,'2022-04-25','KADUWELA','GALLE','18:50:00','20:20:00',190,'ND-0037'),(102,'2022-04-25','MAKUMBURA','GALLE','19:40:00','21:05:00',180,'ND-0001'),(103,'2022-04-25','GALLE','MAKUMBURA','19:40:00','21:05:00',180,'ND-0002'),(104,'2022-04-25','MAKUMBURA','GALLE','20:00:00','21:25:00',180,'ND-0003'),(105,'2022-04-25','GALLE','MAKUMBURA','20:00:00','21:25:00',180,'ND-0004'),(836,'2022-04-26','KATARAGAMA','COLOMBO','01:45:00','05:25:00',400,'ND-0031'),(758,'2022-04-26','DENIYAYA','COLOMBO','04:30:00','08:00:00',600,'ND-0028'),(1304,'2022-04-26','ELPITIYA','COLOMBO','04:40:00','07:40:00',240,'ND-0048'),(1200,'2022-04-26','KAMBURUPITIYA','COLOMBO','04:55:00','09:40:00',1160,'ND-0044'),(1252,'2022-04-26','NEGOMBO','GALLE','05:30:00','10:30:00',600,'ND-0046'),(1044,'2022-04-26','KANDY','MATARA','05:40:00','10:40:00',410,'ND-0038'),(317,'2022-04-26','COLOMBO','HAKMANA','06:30:00','09:30:00',300,'ND-0012'),(1253,'2022-04-26','GALLE','NEGOMBO','06:30:00','11:30:00',600,'ND-0047'),(472,'2022-04-26','MIDDENIYA','COLOMBO','06:40:00','09:40:00',320,'ND-0017'),(473,'2022-04-26','COLOMBO','MIDDENIYA','07:40:00','10:40:00',320,'ND-0018'),(654,'2022-04-26','WEERAKETIYA','COLOMBO','09:00:00','11:50:00',270,'ND-0024'),(601,'2022-04-26','COLOMBO','AKURESSA','10:30:00','13:00:00',500,'ND-0021'),(837,'2022-04-26','COLOMBO','KATARAGAMA','10:30:00','14:10:00',400,'ND-0031'),(1305,'2022-04-26','COLOMBO','ELPITIYA','10:30:00','13:30:00',240,'ND-0049'),(524,'2022-04-26','EMBILIPITIYA','COLOMBO','10:40:00','14:20:00',300,'ND-0019'),(525,'2022-04-26','COLOMBO','EMBILIPITIYA','11:40:00','15:20:00',300,'ND-0020'),(706,'2022-04-26','COLOMBO','DEIYANDARA','12:00:00','14:30:00',400,'ND-0026'),(602,'2022-04-26','COLOMBO','AKURESSA','13:00:00','15:30:00',500,'ND-0022'),(603,'2022-04-26','COLOMBO','AKURESSA','13:00:00','15:30:00',500,'ND-0023'),(707,'2022-04-26','DEIYANDARA','COLOMBO','13:00:00','15:30:00',400,'ND-0027'),(1045,'2022-04-26','MATARA','KANDY','13:30:00','18:30:00',410,'ND-0039'),(418,'2022-04-26','MATARA','NEGOMBO','13:50:00','15:50:00',800,'ND-0013'),(1148,'2022-04-26','GALLE','KANDY','14:15:00','20:45:00',380,'ND-0042'),(1201,'2022-04-26','COLOMBO','KAMBURUPITIYA','14:15:00','19:00:00',1160,'ND-0045'),(759,'2022-04-26','COLOMBO','DENIYAYA','14:30:00','18:00:00',600,'ND-0029'),(419,'2022-04-26','MATARA','NEGOMBO','15:00:00','17:00:00',800,'ND-0014'),(420,'2022-04-26','NEGOMBO','MATARA','15:00:00','17:00:00',800,'ND-0015'),(1149,'2022-04-26','KANDY','GALLE','15:00:00','21:30:00',380,'ND-0043'),(210,'2022-04-26','MATARA','MAKUMBURA','15:10:00','16:35:00',210,'ND-0005'),(211,'2022-04-26','MAKUMBURA','MATARA','15:15:00','16:40:00',210,'ND-0006'),(212,'2022-04-26','MATARA','MAKUMBURA','15:20:00','16:45:00',210,'ND-0007'),(213,'2022-04-26','MAKUMBURA','MATARA','15:30:00','16:55:00',210,'ND-0008'),(1096,'2022-04-26','MATARA','PANADURA','16:30:00','18:30:00',150,'ND-0040'),(1097,'2022-04-26','PANADURA','MATARA','16:40:00','18:40:00',150,'ND-0041'),(888,'2022-04-26','KADAWATHA','GALLE','17:00:00','18:40:00',200,'ND-0032'),(889,'2022-04-26','GALLE','KADAWATHA','17:00:00','18:40:00',200,'ND-0033'),(940,'2022-04-26','KADAWATHA','MATARA','17:00:00','19:00:00',230,'ND-0034'),(941,'2022-04-26','MATARA','KADAWATHA','17:00:00','19:00:00',230,'ND-0035'),(1356,'2022-04-26','UNIVERSITY OF MORATUWA','MATARA','17:00:00','21:30:00',400,'ND-0050'),(655,'2022-04-26','COLOMBO','WEERAKETIYA','17:15:00','20:05:00',270,'ND-0025'),(264,'2022-04-26','MATARA','KADUWELA','17:30:00','19:30:00',230,'ND-0009'),(265,'2022-04-26','KADUWELA','MATARA','18:00:00','20:00:00',230,'ND-0010'),(1357,'2022-04-26','MATARA','UNIVERSITY OF MORATUWA','18:00:00','22:30:00',400,'ND-0051'),(421,'2022-04-26','NEGOMBO','MATARA','18:30:00','20:30:00',800,'ND-0016'),(992,'2022-04-26','GALLE','KADUWELA','18:50:00','20:20:00',190,'ND-0036'),(993,'2022-04-26','KADUWELA','GALLE','19:20:00','20:50:00',190,'ND-0037'),(785,'2022-04-26','COLOMBO','ELPITIYA','19:45:00','22:40:00',400,'ND-0030'),(106,'2022-04-26','MAKUMBURA','GALLE','20:30:00','21:55:00',180,'ND-0001'),(107,'2022-04-26','GALLE','MAKUMBURA','20:30:00','21:55:00',180,'ND-0002'),(108,'2022-04-26','MAKUMBURA','GALLE','21:00:00','22:25:00',180,'ND-0003'),(109,'2022-04-26','GALLE','MAKUMBURA','21:00:00','22:25:00',180,'ND-0004'),(316,'2022-04-26','HAKMANA','COLOMBO','22:00:00','01:00:00',300,'ND-0011');
/*!40000 ALTER TABLE `schedule` ENABLE KEYS */;
UNLOCK TABLES;

--
-- Table structure for table `seat`
--

DROP TABLE IF EXISTS `seat`;
/*!40101 SET @saved_cs_client     = @@character_set_client */;
 SET character_set_client = utf8mb4 ;
CREATE TABLE `seat` (
  `Bus_No` varchar(8) NOT NULL,
  `SeatNo` int(11) NOT NULL,
  PRIMARY KEY (`Bus_No`,`SeatNo`),
  KEY `Reg_No_idx` (`Bus_No`),
  CONSTRAINT `Reg_No` FOREIGN KEY (`Bus_No`) REFERENCES `bus_details` (`reg_no`) ON DELETE CASCADE
) ENGINE=InnoDB DEFAULT CHARSET=utf8mb4 COLLATE=utf8mb4_0900_ai_ci;
/*!40101 SET character_set_client = @saved_cs_client */;

--
-- Dumping data for table `seat`
--

LOCK TABLES `seat` WRITE;
/*!40000 ALTER TABLE `seat` DISABLE KEYS */;
INSERT INTO `seat` VALUES ('ND-0001',1),('ND-0001',2),('ND-0001',3),('ND-0001',4),('ND-0001',5),('ND-0001',6),('ND-0001',7),('ND-0001',8),('ND-0001',9),('ND-0001',10),('ND-0001',11),('ND-0001',12),('ND-0001',13),('ND-0001',14),('ND-0001',15),('ND-0001',16),('ND-0001',17),('ND-0001',18),('ND-0001',19),('ND-0001',20),('ND-0001',21),('ND-0001',22),('ND-0001',23),('ND-0001',24),('ND-0001',25),('ND-0001',26),('ND-0001',27),('ND-0001',28),('ND-0001',29),('ND-0001',30),('ND-0001',31),('ND-0001',32),('ND-0001',33),('ND-0001',34),('ND-0001',35),('ND-0001',36),('ND-0002',1),('ND-0002',2),('ND-0002',3),('ND-0002',4),('ND-0002',5),('ND-0002',6),('ND-0002',7),('ND-0002',8),('ND-0002',9),('ND-0002',10),('ND-0002',11),('ND-0002',12),('ND-0002',13),('ND-0002',14),('ND-0002',15),('ND-0002',16),('ND-0002',17),('ND-0002',18),('ND-0002',19),('ND-0002',20),('ND-0002',21),('ND-0002',22),('ND-0002',23),('ND-0002',24),('ND-0002',25),('ND-0002',26),('ND-0002',27),('ND-0002',28),('ND-0002',29),('ND-0002',30),('ND-0002',31),('ND-0002',32),('ND-0002',33),('ND-0002',34),('ND-0002',35),('ND-0002',36),('ND-0002',37),('ND-0002',38),('ND-0002',39),('ND-0002',40),('ND-0002',41),('ND-0002',42),('ND-0003',1),('ND-0003',2),('ND-0003',3),('ND-0003',4),('ND-0003',5),('ND-0003',6),('ND-0003',7),('ND-0003',8),('ND-0003',9),('ND-0003',10),('ND-0003',11),('ND-0003',12),('ND-0003',13),('ND-0003',14),('ND-0003',15),('ND-0003',16),('ND-0003',17),('ND-0003',18),('ND-0003',19),('ND-0003',20),('ND-0003',21),('ND-0003',22),('ND-0003',23),('ND-0003',24),('ND-0003',25),('ND-0003',26),('ND-0003',27),('ND-0003',28),('ND-0003',29),('ND-0003',30),('ND-0003',31),('ND-0003',32),('ND-0003',33),('ND-0003',34),('ND-0003',35),('ND-0003',36),('ND-0003',37),('ND-0003',38),('ND-0003',39),('ND-0003',40),('ND-0003',41),('ND-0003',42),('ND-0004',1),('ND-0004',2),('ND-0004',3),('ND-0004',4),('ND-0004',5),('ND-0004',6),('ND-0004',7),('ND-0004',8),('ND-0004',9),('ND-0004',10),('ND-0004',11),('ND-0004',12),('ND-0004',13),('ND-0004',14),('ND-0004',15),('ND-0004',16),('ND-0004',17),('ND-0004',18),('ND-0004',19),('ND-0004',20),('ND-0004',21),('ND-0004',22),('ND-0004',23),('ND-0004',24),('ND-0004',25),('ND-0004',26),('ND-0004',27),('ND-0004',28),('ND-0004',29),('ND-0004',30),('ND-0004',31),('ND-0004',32),('ND-0004',33),('ND-0004',34),('ND-0004',35),('ND-0004',36),('ND-0005',1),('ND-0005',2),('ND-0005',3),('ND-0005',4),('ND-0005',5),('ND-0005',6),('ND-0005',7),('ND-0005',8),('ND-0005',9),('ND-0005',10),('ND-0005',11),('ND-0005',12),('ND-0005',13),('ND-0005',14),('ND-0005',15),('ND-0005',16),('ND-0005',17),('ND-0005',18),('ND-0005',19),('ND-0005',20),('ND-0005',21),('ND-0005',22),('ND-0005',23),('ND-0005',24),('ND-0005',25),('ND-0005',26),('ND-0005',27),('ND-0005',28),('ND-0005',29),('ND-0005',30),('ND-0005',31),('ND-0005',32),('ND-0005',33),('ND-0005',34),('ND-0005',35),('ND-0005',36),('ND-0006',1),('ND-0006',2),('ND-0006',3),('ND-0006',4),('ND-0006',5),('ND-0006',6),('ND-0006',7),('ND-0006',8),('ND-0006',9),('ND-0006',10),('ND-0006',11),('ND-0006',12),('ND-0006',13),('ND-0006',14),('ND-0006',15),('ND-0006',16),('ND-0006',17),('ND-0006',18),('ND-0006',19),('ND-0006',20),('ND-0006',21),('ND-0006',22),('ND-0006',23),('ND-0006',24),('ND-0006',25),('ND-0006',26),('ND-0006',27),('ND-0006',28),('ND-0006',29),('ND-0006',30),('ND-0006',31),('ND-0006',32),('ND-0006',33),('ND-0006',34),('ND-0006',35),('ND-0006',36),('ND-0006',37),('ND-0006',38),('ND-0006',39),('ND-0006',40),('ND-0006',41),('ND-0006',42),('ND-0007',1),('ND-0007',2),('ND-0007',3),('ND-0007',4),('ND-0007',5),('ND-0007',6),('ND-0007',7),('ND-0007',8),('ND-0007',9),('ND-0007',10),('ND-0007',11),('ND-0007',12),('ND-0007',13),('ND-0007',14),('ND-0007',15),('ND-0007',16),('ND-0007',17),('ND-0007',18),('ND-0007',19),('ND-0007',20),('ND-0007',21),('ND-0007',22),('ND-0007',23),('ND-0007',24),('ND-0007',25),('ND-0007',26),('ND-0007',27),('ND-0007',28),('ND-0007',29),('ND-0007',30),('ND-0007',31),('ND-0007',32),('ND-0007',33),('ND-0007',34),('ND-0007',35),('ND-0007',36),('ND-0008',1),('ND-0008',2),('ND-0008',3),('ND-0008',4),('ND-0008',5),('ND-0008',6),('ND-0008',7),('ND-0008',8),('ND-0008',9),('ND-0008',10),('ND-0008',11),('ND-0008',12),('ND-0008',13),('ND-0008',14),('ND-0008',15),('ND-0008',16),('ND-0008',17),('ND-0008',18),('ND-0008',19),('ND-0008',20),('ND-0008',21),('ND-0008',22),('ND-0008',23),('ND-0008',24),('ND-0008',25),('ND-0008',26),('ND-0008',27),('ND-0008',28),('ND-0008',29),('ND-0008',30),('ND-0008',31),('ND-0008',32),('ND-0008',33),('ND-0008',34),('ND-0008',35),('ND-0008',36),('ND-0008',37),('ND-0008',38),('ND-0008',39),('ND-0008',40),('ND-0008',41),('ND-0008',42),('ND-0009',1),('ND-0009',2),('ND-0009',3),('ND-0009',4),('ND-0009',5),('ND-0009',6),('ND-0009',7),('ND-0009',8),('ND-0009',9),('ND-0009',10),('ND-0009',11),('ND-0009',12),('ND-0009',13),('ND-0009',14),('ND-0009',15),('ND-0009',16),('ND-0009',17),('ND-0009',18),('ND-0009',19),('ND-0009',20),('ND-0009',21),('ND-0009',22),('ND-0009',23),('ND-0009',24),('ND-0009',25),('ND-0009',26),('ND-0009',27),('ND-0009',28),('ND-0009',29),('ND-0009',30),('ND-0009',31),('ND-0009',32),('ND-0009',33),('ND-0009',34),('ND-0009',35),('ND-0009',36),('ND-0009',37),('ND-0009',38),('ND-0009',39),('ND-0009',40),('ND-0009',41),('ND-0009',42),('ND-0010',1),('ND-0010',2),('ND-0010',3),('ND-0010',4),('ND-0010',5),('ND-0010',6),('ND-0010',7),('ND-0010',8),('ND-0010',9),('ND-0010',10),('ND-0010',11),('ND-0010',12),('ND-0010',13),('ND-0010',14),('ND-0010',15),('ND-0010',16),('ND-0010',17),('ND-0010',18),('ND-0010',19),('ND-0010',20),('ND-0010',21),('ND-0010',22),('ND-0010',23),('ND-0010',24),('ND-0010',25),('ND-0010',26),('ND-0010',27),('ND-0010',28),('ND-0010',29),('ND-0010',30),('ND-0010',31),('ND-0010',32),('ND-0010',33),('ND-0010',34),('ND-0010',35),('ND-0010',36),('ND-0011',1),('ND-0011',2),('ND-0011',3),('ND-0011',4),('ND-0011',5),('ND-0011',6),('ND-0011',7),('ND-0011',8),('ND-0011',9),('ND-0011',10),('ND-0011',11),('ND-0011',12),('ND-0011',13),('ND-0011',14),('ND-0011',15),('ND-0011',16),('ND-0011',17),('ND-0011',18),('ND-0011',19),('ND-0011',20),('ND-0011',21),('ND-0011',22),('ND-0011',23),('ND-0011',24),('ND-0011',25),('ND-0011',26),('ND-0011',27),('ND-0011',28),('ND-0011',29),('ND-0011',30),('ND-0011',31),('ND-0011',32),('ND-0011',33),('ND-0011',34),('ND-0011',35),('ND-0011',36),('ND-0012',1),('ND-0012',2),('ND-0012',3),('ND-0012',4),('ND-0012',5),('ND-0012',6),('ND-0012',7),('ND-0012',8),('ND-0012',9),('ND-0012',10),('ND-0012',11),('ND-0012',12),('ND-0012',13),('ND-0012',14),('ND-0012',15),('ND-0012',16),('ND-0012',17),('ND-0012',18),('ND-0012',19),('ND-0012',20),('ND-0012',21),('ND-0012',22),('ND-0012',23),('ND-0012',24),('ND-0012',25),('ND-0012',26),('ND-0012',27),('ND-0012',28),('ND-0012',29),('ND-0012',30),('ND-0012',31),('ND-0012',32),('ND-0012',33),('ND-0012',34),('ND-0012',35),('ND-0012',36),('ND-0012',37),('ND-0012',38),('ND-0012',39),('ND-0012',40),('ND-0012',41),('ND-0012',42),('ND-0013',1),('ND-0013',2),('ND-0013',3),('ND-0013',4),('ND-0013',5),('ND-0013',6),('ND-0013',7),('ND-0013',8),('ND-0013',9),('ND-0013',10),('ND-0013',11),('ND-0013',12),('ND-0013',13),('ND-0013',14),('ND-0013',15),('ND-0013',16),('ND-0013',17),('ND-0013',18),('ND-0013',19),('ND-0013',20),('ND-0013',21),('ND-0013',22),('ND-0013',23),('ND-0013',24),('ND-0013',25),('ND-0013',26),('ND-0013',27),('ND-0013',28),('ND-0013',29),('ND-0013',30),('ND-0013',31),('ND-0013',32),('ND-0013',33),('ND-0013',34),('ND-0013',35),('ND-0013',36),('ND-0014',1),('ND-0014',2),('ND-0014',3),('ND-0014',4),('ND-0014',5),('ND-0014',6),('ND-0014',7),('ND-0014',8),('ND-0014',9),('ND-0014',10),('ND-0014',11),('ND-0014',12),('ND-0014',13),('ND-0014',14),('ND-0014',15),('ND-0014',16),('ND-0014',17),('ND-0014',18),('ND-0014',19),('ND-0014',20),('ND-0014',21),('ND-0014',22),('ND-0014',23),('ND-0014',24),('ND-0014',25),('ND-0014',26),('ND-0014',27),('ND-0014',28),('ND-0014',29),('ND-0014',30),('ND-0014',31),('ND-0014',32),('ND-0014',33),('ND-0014',34),('ND-0014',35),('ND-0014',36),('ND-0014',37),('ND-0014',38),('ND-0014',39),('ND-0014',40),('ND-0014',41),('ND-0014',42),('ND-0015',1),('ND-0015',2),('ND-0015',3),('ND-0015',4),('ND-0015',5),('ND-0015',6),('ND-0015',7),('ND-0015',8),('ND-0015',9),('ND-0015',10),('ND-0015',11),('ND-0015',12),('ND-0015',13),('ND-0015',14),('ND-0015',15),('ND-0015',16),('ND-0015',17),('ND-0015',18),('ND-0015',19),('ND-0015',20),('ND-0015',21),('ND-0015',22),('ND-0015',23),('ND-0015',24),('ND-0015',25),('ND-0015',26),('ND-0015',27),('ND-0015',28),('ND-0015',29),('ND-0015',30),('ND-0015',31),('ND-0015',32),('ND-0015',33),('ND-0015',34),('ND-0015',35),('ND-0015',36),('ND-0015',37),('ND-0015',38),('ND-0015',39),('ND-0015',40),('ND-0015',41),('ND-0015',42),('ND-0016',1),('ND-0016',2),('ND-0016',3),('ND-0016',4),('ND-0016',5),('ND-0016',6),('ND-0016',7),('ND-0016',8),('ND-0016',9),('ND-0016',10),('ND-0016',11),('ND-0016',12),('ND-0016',13),('ND-0016',14),('ND-0016',15),('ND-0016',16),('ND-0016',17),('ND-0016',18),('ND-0016',19),('ND-0016',20),('ND-0016',21),('ND-0016',22),('ND-0016',23),('ND-0016',24),('ND-0016',25),('ND-0016',26),('ND-0016',27),('ND-0016',28),('ND-0016',29),('ND-0016',30),('ND-0016',31),('ND-0016',32),('ND-0016',33),('ND-0016',34),('ND-0016',35),('ND-0016',36),('ND-0017',1),('ND-0017',2),('ND-0017',3),('ND-0017',4),('ND-0017',5),('ND-0017',6),('ND-0017',7),('ND-0017',8),('ND-0017',9),('ND-0017',10),('ND-0017',11),('ND-0017',12),('ND-0017',13),('ND-0017',14),('ND-0017',15),('ND-0017',16),('ND-0017',17),('ND-0017',18),('ND-0017',19),('ND-0017',20),('ND-0017',21),('ND-0017',22),('ND-0017',23),('ND-0017',24),('ND-0017',25),('ND-0017',26),('ND-0017',27),('ND-0017',28),('ND-0017',29),('ND-0017',30),('ND-0017',31),('ND-0017',32),('ND-0017',33),('ND-0017',34),('ND-0017',35),('ND-0017',36),('ND-0018',1),('ND-0018',2),('ND-0018',3),('ND-0018',4),('ND-0018',5),('ND-0018',6),('ND-0018',7),('ND-0018',8),('ND-0018',9),('ND-0018',10),('ND-0018',11),('ND-0018',12),('ND-0018',13),('ND-0018',14),('ND-0018',15),('ND-0018',16),('ND-0018',17),('ND-0018',18),('ND-0018',19),('ND-0018',20),('ND-0018',21),('ND-0018',22),('ND-0018',23),('ND-0018',24),('ND-0018',25),('ND-0018',26),('ND-0018',27),('ND-0018',28),('ND-0018',29),('ND-0018',30),('ND-0018',31),('ND-0018',32),('ND-0018',33),('ND-0018',34),('ND-0018',35),('ND-0018',36),('ND-0018',37),('ND-0018',38),('ND-0018',39),('ND-0018',40),('ND-0018',41),('ND-0018',42),('ND-0019',1),('ND-0019',2),('ND-0019',3),('ND-0019',4),('ND-0019',5),('ND-0019',6),('ND-0019',7),('ND-0019',8),('ND-0019',9),('ND-0019',10),('ND-0019',11),('ND-0019',12),('ND-0019',13),('ND-0019',14),('ND-0019',15),('ND-0019',16),('ND-0019',17),('ND-0019',18),('ND-0019',19),('ND-0019',20),('ND-0019',21),('ND-0019',22),('ND-0019',23),('ND-0019',24),('ND-0019',25),('ND-0019',26),('ND-0019',27),('ND-0019',28),('ND-0019',29),('ND-0019',30),('ND-0019',31),('ND-0019',32),('ND-0019',33),('ND-0019',34),('ND-0019',35),('ND-0019',36),('ND-0020',1),('ND-0020',2),('ND-0020',3),('ND-0020',4),('ND-0020',5),('ND-0020',6),('ND-0020',7),('ND-0020',8),('ND-0020',9),('ND-0020',10),('ND-0020',11),('ND-0020',12),('ND-0020',13),('ND-0020',14),('ND-0020',15),('ND-0020',16),('ND-0020',17),('ND-0020',18),('ND-0020',19),('ND-0020',20),('ND-0020',21),('ND-0020',22),('ND-0020',23),('ND-0020',24),('ND-0020',25),('ND-0020',26),('ND-0020',27),('ND-0020',28),('ND-0020',29),('ND-0020',30),('ND-0020',31),('ND-0020',32),('ND-0020',33),('ND-0020',34),('ND-0020',35),('ND-0020',36),('ND-0020',37),('ND-0020',38),('ND-0020',39),('ND-0020',40),('ND-0020',41),('ND-0020',42),('ND-0021',1),('ND-0021',2),('ND-0021',3),('ND-0021',4),('ND-0021',5),('ND-0021',6),('ND-0021',7),('ND-0021',8),('ND-0021',9),('ND-0021',10),('ND-0021',11),('ND-0021',12),('ND-0021',13),('ND-0021',14),('ND-0021',15),('ND-0021',16),('ND-0021',17),('ND-0021',18),('ND-0021',19),('ND-0021',20),('ND-0021',21),('ND-0021',22),('ND-0021',23),('ND-0021',24),('ND-0021',25),('ND-0021',26),('ND-0021',27),('ND-0021',28),('ND-0021',29),('ND-0021',30),('ND-0021',31),('ND-0021',32),('ND-0021',33),('ND-0021',34),('ND-0021',35),('ND-0021',36),('ND-0021',37),('ND-0021',38),('ND-0021',39),('ND-0021',40),('ND-0021',41),('ND-0021',42),('ND-0022',1),('ND-0022',2),('ND-0022',3),('ND-0022',4),('ND-0022',5),('ND-0022',6),('ND-0022',7),('ND-0022',8),('ND-0022',9),('ND-0022',10),('ND-0022',11),('ND-0022',12),('ND-0022',13),('ND-0022',14),('ND-0022',15),('ND-0022',16),('ND-0022',17),('ND-0022',18),('ND-0022',19),('ND-0022',20),('ND-0022',21),('ND-0022',22),('ND-0022',23),('ND-0022',24),('ND-0022',25),('ND-0022',26),('ND-0022',27),('ND-0022',28),('ND-0022',29),('ND-0022',30),('ND-0022',31),('ND-0022',32),('ND-0022',33),('ND-0022',34),('ND-0022',35),('ND-0022',36),('ND-0023',1),('ND-0023',2),('ND-0023',3),('ND-0023',4),('ND-0023',5),('ND-0023',6),('ND-0023',7),('ND-0023',8),('ND-0023',9),('ND-0023',10),('ND-0023',11),('ND-0023',12),('ND-0023',13),('ND-0023',14),('ND-0023',15),('ND-0023',16),('ND-0023',17),('ND-0023',18),('ND-0023',19),('ND-0023',20),('ND-0023',21),('ND-0023',22),('ND-0023',23),('ND-0023',24),('ND-0023',25),('ND-0023',26),('ND-0023',27),('ND-0023',28),('ND-0023',29),('ND-0023',30),('ND-0023',31),('ND-0023',32),('ND-0023',33),('ND-0023',34),('ND-0023',35),('ND-0023',36),('ND-0024',1),('ND-0024',2),('ND-0024',3),('ND-0024',4),('ND-0024',5),('ND-0024',6),('ND-0024',7),('ND-0024',8),('ND-0024',9),('ND-0024',10),('ND-0024',11),('ND-0024',12),('ND-0024',13),('ND-0024',14),('ND-0024',15),('ND-0024',16),('ND-0024',17),('ND-0024',18),('ND-0024',19),('ND-0024',20),('ND-0024',21),('ND-0024',22),('ND-0024',23),('ND-0024',24),('ND-0024',25),('ND-0024',26),('ND-0024',27),('ND-0024',28),('ND-0024',29),('ND-0024',30),('ND-0024',31),('ND-0024',32),('ND-0024',33),('ND-0024',34),('ND-0024',35),('ND-0024',36),('ND-0024',37),('ND-0024',38),('ND-0024',39),('ND-0024',40),('ND-0024',41),('ND-0024',42),('ND-0025',1),('ND-0025',2),('ND-0025',3),('ND-0025',4),('ND-0025',5),('ND-0025',6),('ND-0025',7),('ND-0025',8),('ND-0025',9),('ND-0025',10),('ND-0025',11),('ND-0025',12),('ND-0025',13),('ND-0025',14),('ND-0025',15),('ND-0025',16),('ND-0025',17),('ND-0025',18),('ND-0025',19),('ND-0025',20),('ND-0025',21),('ND-0025',22),('ND-0025',23),('ND-0025',24),('ND-0025',25),('ND-0025',26),('ND-0025',27),('ND-0025',28),('ND-0025',29),('ND-0025',30),('ND-0025',31),('ND-0025',32),('ND-0025',33),('ND-0025',34),('ND-0025',35),('ND-0025',36),('ND-0026',1),('ND-0026',2),('ND-0026',3),('ND-0026',4),('ND-0026',5),('ND-0026',6),('ND-0026',7),('ND-0026',8),('ND-0026',9),('ND-0026',10),('ND-0026',11),('ND-0026',12),('ND-0026',13),('ND-0026',14),('ND-0026',15),('ND-0026',16),('ND-0026',17),('ND-0026',18),('ND-0026',19),('ND-0026',20),('ND-0026',21),('ND-0026',22),('ND-0026',23),('ND-0026',24),('ND-0026',25),('ND-0026',26),('ND-0026',27),('ND-0026',28),('ND-0026',29),('ND-0026',30),('ND-0026',31),('ND-0026',32),('ND-0026',33),('ND-0026',34),('ND-0026',35),('ND-0026',36),('ND-0026',37),('ND-0026',38),('ND-0026',39),('ND-0026',40),('ND-0026',41),('ND-0026',42),('ND-0027',1),('ND-0027',2),('ND-0027',3),('ND-0027',4),('ND-0027',5),('ND-0027',6),('ND-0027',7),('ND-0027',8),('ND-0027',9),('ND-0027',10),('ND-0027',11),('ND-0027',12),('ND-0027',13),('ND-0027',14),('ND-0027',15),('ND-0027',16),('ND-0027',17),('ND-0027',18),('ND-0027',19),('ND-0027',20),('ND-0027',21),('ND-0027',22),('ND-0027',23),('ND-0027',24),('ND-0027',25),('ND-0027',26),('ND-0027',27),('ND-0027',28),('ND-0027',29),('ND-0027',30),('ND-0027',31),('ND-0027',32),('ND-0027',33),('ND-0027',34),('ND-0027',35),('ND-0027',36),('ND-0027',37),('ND-0027',38),('ND-0027',39),('ND-0027',40),('ND-0027',41),('ND-0027',42),('ND-0028',1),('ND-0028',2),('ND-0028',3),('ND-0028',4),('ND-0028',5),('ND-0028',6),('ND-0028',7),('ND-0028',8),('ND-0028',9),('ND-0028',10),('ND-0028',11),('ND-0028',12),('ND-0028',13),('ND-0028',14),('ND-0028',15),('ND-0028',16),('ND-0028',17),('ND-0028',18),('ND-0028',19),('ND-0028',20),('ND-0028',21),('ND-0028',22),('ND-0028',23),('ND-0028',24),('ND-0028',25),('ND-0028',26),('ND-0028',27),('ND-0028',28),('ND-0028',29),('ND-0028',30),('ND-0028',31),('ND-0028',32),('ND-0028',33),('ND-0028',34),('ND-0028',35),('ND-0028',36),('ND-0029',1),('ND-0029',2),('ND-0029',3),('ND-0029',4),('ND-0029',5),('ND-0029',6),('ND-0029',7),('ND-0029',8),('ND-0029',9),('ND-0029',10),('ND-0029',11),('ND-0029',12),('ND-0029',13),('ND-0029',14),('ND-0029',15),('ND-0029',16),('ND-0029',17),('ND-0029',18),('ND-0029',19),('ND-0029',20),('ND-0029',21),('ND-0029',22),('ND-0029',23),('ND-0029',24),('ND-0029',25),('ND-0029',26),('ND-0029',27),('ND-0029',28),('ND-0029',29),('ND-0029',30),('ND-0029',31),('ND-0029',32),('ND-0029',33),('ND-0029',34),('ND-0029',35),('ND-0029',36),('ND-0030',1),('ND-0030',2),('ND-0030',3),('ND-0030',4),('ND-0030',5),('ND-0030',6),('ND-0030',7),('ND-0030',8),('ND-0030',9),('ND-0030',10),('ND-0030',11),('ND-0030',12),('ND-0030',13),('ND-0030',14),('ND-0030',15),('ND-0030',16),('ND-0030',17),('ND-0030',18),('ND-0030',19),('ND-0030',20),('ND-0030',21),('ND-0030',22),('ND-0030',23),('ND-0030',24),('ND-0030',25),('ND-0030',26),('ND-0030',27),('ND-0030',28),('ND-0030',29),('ND-0030',30),('ND-0030',31),('ND-0030',32),('ND-0030',33),('ND-0030',34),('ND-0030',35),('ND-0030',36),('ND-0030',37),('ND-0030',38),('ND-0030',39),('ND-0030',40),('ND-0030',41),('ND-0030',42),('ND-0031',1),('ND-0031',2),('ND-0031',3),('ND-0031',4),('ND-0031',5),('ND-0031',6),('ND-0031',7),('ND-0031',8),('ND-0031',9),('ND-0031',10),('ND-0031',11),('ND-0031',12),('ND-0031',13),('ND-0031',14),('ND-0031',15),('ND-0031',16),('ND-0031',17),('ND-0031',18),('ND-0031',19),('ND-0031',20),('ND-0031',21),('ND-0031',22),('ND-0031',23),('ND-0031',24),('ND-0031',25),('ND-0031',26),('ND-0031',27),('ND-0031',28),('ND-0031',29),('ND-0031',30),('ND-0031',31),('ND-0031',32),('ND-0031',33),('ND-0031',34),('ND-0031',35),('ND-0031',36),('ND-0032',1),('ND-0032',2),('ND-0032',3),('ND-0032',4),('ND-0032',5),('ND-0032',6),('ND-0032',7),('ND-0032',8),('ND-0032',9),('ND-0032',10),('ND-0032',11),('ND-0032',12),('ND-0032',13),('ND-0032',14),('ND-0032',15),('ND-0032',16),('ND-0032',17),('ND-0032',18),('ND-0032',19),('ND-0032',20),('ND-0032',21),('ND-0032',22),('ND-0032',23),('ND-0032',24),('ND-0032',25),('ND-0032',26),('ND-0032',27),('ND-0032',28),('ND-0032',29),('ND-0032',30),('ND-0032',31),('ND-0032',32),('ND-0032',33),('ND-0032',34),('ND-0032',35),('ND-0032',36),('ND-0032',37),('ND-0032',38),('ND-0032',39),('ND-0032',40),('ND-0032',41),('ND-0032',42),('ND-0033',1),('ND-0033',2),('ND-0033',3),('ND-0033',4),('ND-0033',5),('ND-0033',6),('ND-0033',7),('ND-0033',8),('ND-0033',9),('ND-0033',10),('ND-0033',11),('ND-0033',12),('ND-0033',13),('ND-0033',14),('ND-0033',15),('ND-0033',16),('ND-0033',17),('ND-0033',18),('ND-0033',19),('ND-0033',20),('ND-0033',21),('ND-0033',22),('ND-0033',23),('ND-0033',24),('ND-0033',25),('ND-0033',26),('ND-0033',27),('ND-0033',28),('ND-0033',29),('ND-0033',30),('ND-0033',31),('ND-0033',32),('ND-0033',33),('ND-0033',34),('ND-0033',35),('ND-0033',36),('ND-0033',37),('ND-0033',38),('ND-0033',39),('ND-0033',40),('ND-0033',41),('ND-0033',42),('ND-0034',1),('ND-0034',2),('ND-0034',3),('ND-0034',4),('ND-0034',5),('ND-0034',6),('ND-0034',7),('ND-0034',8),('ND-0034',9),('ND-0034',10),('ND-0034',11),('ND-0034',12),('ND-0034',13),('ND-0034',14),('ND-0034',15),('ND-0034',16),('ND-0034',17),('ND-0034',18),('ND-0034',19),('ND-0034',20),('ND-0034',21),('ND-0034',22),('ND-0034',23),('ND-0034',24),('ND-0034',25),('ND-0034',26),('ND-0034',27),('ND-0034',28),('ND-0034',29),('ND-0034',30),('ND-0034',31),('ND-0034',32),('ND-0034',33),('ND-0034',34),('ND-0034',35),('ND-0034',36),('ND-0035',1),('ND-0035',2),('ND-0035',3),('ND-0035',4),('ND-0035',5),('ND-0035',6),('ND-0035',7),('ND-0035',8),('ND-0035',9),('ND-0035',10),('ND-0035',11),('ND-0035',12),('ND-0035',13),('ND-0035',14),('ND-0035',15),('ND-0035',16),('ND-0035',17),('ND-0035',18),('ND-0035',19),('ND-0035',20),('ND-0035',21),('ND-0035',22),('ND-0035',23),('ND-0035',24),('ND-0035',25),('ND-0035',26),('ND-0035',27),('ND-0035',28),('ND-0035',29),('ND-0035',30),('ND-0035',31),('ND-0035',32),('ND-0035',33),('ND-0035',34),('ND-0035',35),('ND-0035',36),('ND-0036',1),('ND-0036',2),('ND-0036',3),('ND-0036',4),('ND-0036',5),('ND-0036',6),('ND-0036',7),('ND-0036',8),('ND-0036',9),('ND-0036',10),('ND-0036',11),('ND-0036',12),('ND-0036',13),('ND-0036',14),('ND-0036',15),('ND-0036',16),('ND-0036',17),('ND-0036',18),('ND-0036',19),('ND-0036',20),('ND-0036',21),('ND-0036',22),('ND-0036',23),('ND-0036',24),('ND-0036',25),('ND-0036',26),('ND-0036',27),('ND-0036',28),('ND-0036',29),('ND-0036',30),('ND-0036',31),('ND-0036',32),('ND-0036',33),('ND-0036',34),('ND-0036',35),('ND-0036',36),('ND-0036',37),('ND-0036',38),('ND-0036',39),('ND-0036',40),('ND-0036',41),('ND-0036',42),('ND-0037',1),('ND-0037',2),('ND-0037',3),('ND-0037',4),('ND-0037',5),('ND-0037',6),('ND-0037',7),('ND-0037',8),('ND-0037',9),('ND-0037',10),('ND-0037',11),('ND-0037',12),('ND-0037',13),('ND-0037',14),('ND-0037',15),('ND-0037',16),('ND-0037',17),('ND-0037',18),('ND-0037',19),('ND-0037',20),('ND-0037',21),('ND-0037',22),('ND-0037',23),('ND-0037',24),('ND-0037',25),('ND-0037',26),('ND-0037',27),('ND-0037',28),('ND-0037',29),('ND-0037',30),('ND-0037',31),('ND-0037',32),('ND-0037',33),('ND-0037',34),('ND-0037',35),('ND-0037',36),('ND-0038',1),('ND-0038',2),('ND-0038',3),('ND-0038',4),('ND-0038',5),('ND-0038',6),('ND-0038',7),('ND-0038',8),('ND-0038',9),('ND-0038',10),('ND-0038',11),('ND-0038',12),('ND-0038',13),('ND-0038',14),('ND-0038',15),('ND-0038',16),('ND-0038',17),('ND-0038',18),('ND-0038',19),('ND-0038',20),('ND-0038',21),('ND-0038',22),('ND-0038',23),('ND-0038',24),('ND-0038',25),('ND-0038',26),('ND-0038',27),('ND-0038',28),('ND-0038',29),('ND-0038',30),('ND-0038',31),('ND-0038',32),('ND-0038',33),('ND-0038',34),('ND-0038',35),('ND-0038',36),('ND-0038',37),('ND-0038',38),('ND-0038',39),('ND-0038',40),('ND-0038',41),('ND-0038',42),('ND-0039',1),('ND-0039',2),('ND-0039',3),('ND-0039',4),('ND-0039',5),('ND-0039',6),('ND-0039',7),('ND-0039',8),('ND-0039',9),('ND-0039',10),('ND-0039',11),('ND-0039',12),('ND-0039',13),('ND-0039',14),('ND-0039',15),('ND-0039',16),('ND-0039',17),('ND-0039',18),('ND-0039',19),('ND-0039',20),('ND-0039',21),('ND-0039',22),('ND-0039',23),('ND-0039',24),('ND-0039',25),('ND-0039',26),('ND-0039',27),('ND-0039',28),('ND-0039',29),('ND-0039',30),('ND-0039',31),('ND-0039',32),('ND-0039',33),('ND-0039',34),('ND-0039',35),('ND-0039',36),('ND-0039',37),('ND-0039',38),('ND-0039',39),('ND-0039',40),('ND-0039',41),('ND-0039',42),('ND-0040',1),('ND-0040',2),('ND-0040',3),('ND-0040',4),('ND-0040',5),('ND-0040',6),('ND-0040',7),('ND-0040',8),('ND-0040',9),('ND-0040',10),('ND-0040',11),('ND-0040',12),('ND-0040',13),('ND-0040',14),('ND-0040',15),('ND-0040',16),('ND-0040',17),('ND-0040',18),('ND-0040',19),('ND-0040',20),('ND-0040',21),('ND-0040',22),('ND-0040',23),('ND-0040',24),('ND-0040',25),('ND-0040',26),('ND-0040',27),('ND-0040',28),('ND-0040',29),('ND-0040',30),('ND-0040',31),('ND-0040',32),('ND-0040',33),('ND-0040',34),('ND-0040',35),('ND-0040',36),('ND-0041',1),('ND-0041',2),('ND-0041',3),('ND-0041',4),('ND-0041',5),('ND-0041',6),('ND-0041',7),('ND-0041',8),('ND-0041',9),('ND-0041',10),('ND-0041',11),('ND-0041',12),('ND-0041',13),('ND-0041',14),('ND-0041',15),('ND-0041',16),('ND-0041',17),('ND-0041',18),('ND-0041',19),('ND-0041',20),('ND-0041',21),('ND-0041',22),('ND-0041',23),('ND-0041',24),('ND-0041',25),('ND-0041',26),('ND-0041',27),('ND-0041',28),('ND-0041',29),('ND-0041',30),('ND-0041',31),('ND-0041',32),('ND-0041',33),('ND-0041',34),('ND-0041',35),('ND-0041',36),('ND-0042',1),('ND-0042',2),('ND-0042',3),('ND-0042',4),('ND-0042',5),('ND-0042',6),('ND-0042',7),('ND-0042',8),('ND-0042',9),('ND-0042',10),('ND-0042',11),('ND-0042',12),('ND-0042',13),('ND-0042',14),('ND-0042',15),('ND-0042',16),('ND-0042',17),('ND-0042',18),('ND-0042',19),('ND-0042',20),('ND-0042',21),('ND-0042',22),('ND-0042',23),('ND-0042',24),('ND-0042',25),('ND-0042',26),('ND-0042',27),('ND-0042',28),('ND-0042',29),('ND-0042',30),('ND-0042',31),('ND-0042',32),('ND-0042',33),('ND-0042',34),('ND-0042',35),('ND-0042',36),('ND-0042',37),('ND-0042',38),('ND-0042',39),('ND-0042',40),('ND-0042',41),('ND-0042',42),('ND-0043',1),('ND-0043',2),('ND-0043',3),('ND-0043',4),('ND-0043',5),('ND-0043',6),('ND-0043',7),('ND-0043',8),('ND-0043',9),('ND-0043',10),('ND-0043',11),('ND-0043',12),('ND-0043',13),('ND-0043',14),('ND-0043',15),('ND-0043',16),('ND-0043',17),('ND-0043',18),('ND-0043',19),('ND-0043',20),('ND-0043',21),('ND-0043',22),('ND-0043',23),('ND-0043',24),('ND-0043',25),('ND-0043',26),('ND-0043',27),('ND-0043',28),('ND-0043',29),('ND-0043',30),('ND-0043',31),('ND-0043',32),('ND-0043',33),('ND-0043',34),('ND-0043',35),('ND-0043',36),('ND-0044',1),('ND-0044',2),('ND-0044',3),('ND-0044',4),('ND-0044',5),('ND-0044',6),('ND-0044',7),('ND-0044',8),('ND-0044',9),('ND-0044',10),('ND-0044',11),('ND-0044',12),('ND-0044',13),('ND-0044',14),('ND-0044',15),('ND-0044',16),('ND-0044',17),('ND-0044',18),('ND-0044',19),('ND-0044',20),('ND-0044',21),('ND-0044',22),('ND-0044',23),('ND-0044',24),('ND-0044',25),('ND-0044',26),('ND-0044',27),('ND-0044',28),('ND-0044',29),('ND-0044',30),('ND-0044',31),('ND-0044',32),('ND-0044',33),('ND-0044',34),('ND-0044',35),('ND-0044',36),('ND-0044',37),('ND-0044',38),('ND-0044',39),('ND-0044',40),('ND-0044',41),('ND-0044',42),('ND-0045',1),('ND-0045',2),('ND-0045',3),('ND-0045',4),('ND-0045',5),('ND-0045',6),('ND-0045',7),('ND-0045',8),('ND-0045',9),('ND-0045',10),('ND-0045',11),('ND-0045',12),('ND-0045',13),('ND-0045',14),('ND-0045',15),('ND-0045',16),('ND-0045',17),('ND-0045',18),('ND-0045',19),('ND-0045',20),('ND-0045',21),('ND-0045',22),('ND-0045',23),('ND-0045',24),('ND-0045',25),('ND-0045',26),('ND-0045',27),('ND-0045',28),('ND-0045',29),('ND-0045',30),('ND-0045',31),('ND-0045',32),('ND-0045',33),('ND-0045',34),('ND-0045',35),('ND-0045',36),('ND-0045',37),('ND-0045',38),('ND-0045',39),('ND-0045',40),('ND-0045',41),('ND-0045',42),('ND-0046',1),('ND-0046',2),('ND-0046',3),('ND-0046',4),('ND-0046',5),('ND-0046',6),('ND-0046',7),('ND-0046',8),('ND-0046',9),('ND-0046',10),('ND-0046',11),('ND-0046',12),('ND-0046',13),('ND-0046',14),('ND-0046',15),('ND-0046',16),('ND-0046',17),('ND-0046',18),('ND-0046',19),('ND-0046',20),('ND-0046',21),('ND-0046',22),('ND-0046',23),('ND-0046',24),('ND-0046',25),('ND-0046',26),('ND-0046',27),('ND-0046',28),('ND-0046',29),('ND-0046',30),('ND-0046',31),('ND-0046',32),('ND-0046',33),('ND-0046',34),('ND-0046',35),('ND-0046',36),('ND-0047',1),('ND-0047',2),('ND-0047',3),('ND-0047',4),('ND-0047',5),('ND-0047',6),('ND-0047',7),('ND-0047',8),('ND-0047',9),('ND-0047',10),('ND-0047',11),('ND-0047',12),('ND-0047',13),('ND-0047',14),('ND-0047',15),('ND-0047',16),('ND-0047',17),('ND-0047',18),('ND-0047',19),('ND-0047',20),('ND-0047',21),('ND-0047',22),('ND-0047',23),('ND-0047',24),('ND-0047',25),('ND-0047',26),('ND-0047',27),('ND-0047',28),('ND-0047',29),('ND-0047',30),('ND-0047',31),('ND-0047',32),('ND-0047',33),('ND-0047',34),('ND-0047',35),('ND-0047',36),('ND-0048',1),('ND-0048',2),('ND-0048',3),('ND-0048',4),('ND-0048',5),('ND-0048',6),('ND-0048',7),('ND-0048',8),('ND-0048',9),('ND-0048',10),('ND-0048',11),('ND-0048',12),('ND-0048',13),('ND-0048',14),('ND-0048',15),('ND-0048',16),('ND-0048',17),('ND-0048',18),('ND-0048',19),('ND-0048',20),('ND-0048',21),('ND-0048',22),('ND-0048',23),('ND-0048',24),('ND-0048',25),('ND-0048',26),('ND-0048',27),('ND-0048',28),('ND-0048',29),('ND-0048',30),('ND-0048',31),('ND-0048',32),('ND-0048',33),('ND-0048',34),('ND-0048',35),('ND-0048',36),('ND-0048',37),('ND-0048',38),('ND-0048',39),('ND-0048',40),('ND-0048',41),('ND-0048',42),('ND-0049',1),('ND-0049',2),('ND-0049',3),('ND-0049',4),('ND-0049',5),('ND-0049',6),('ND-0049',7),('ND-0049',8),('ND-0049',9),('ND-0049',10),('ND-0049',11),('ND-0049',12),('ND-0049',13),('ND-0049',14),('ND-0049',15),('ND-0049',16),('ND-0049',17),('ND-0049',18),('ND-0049',19),('ND-0049',20),('ND-0049',21),('ND-0049',22),('ND-0049',23),('ND-0049',24),('ND-0049',25),('ND-0049',26),('ND-0049',27),('ND-0049',28),('ND-0049',29),('ND-0049',30),('ND-0049',31),('ND-0049',32),('ND-0049',33),('ND-0049',34),('ND-0049',35),('ND-0049',36),('ND-0050',1),('ND-0050',2),('ND-0050',3),('ND-0050',4),('ND-0050',5),('ND-0050',6),('ND-0050',7),('ND-0050',8),('ND-0050',9),('ND-0050',10),('ND-0050',11),('ND-0050',12),('ND-0050',13),('ND-0050',14),('ND-0050',15),('ND-0050',16),('ND-0050',17),('ND-0050',18),('ND-0050',19),('ND-0050',20),('ND-0050',21),('ND-0050',22),('ND-0050',23),('ND-0050',24),('ND-0050',25),('ND-0050',26),('ND-0050',27),('ND-0050',28),('ND-0050',29),('ND-0050',30),('ND-0050',31),('ND-0050',32),('ND-0050',33),('ND-0050',34),('ND-0050',35),('ND-0050',36),('ND-0050',37),('ND-0050',38),('ND-0050',39),('ND-0050',40),('ND-0050',41),('ND-0050',42),('ND-0051',1),('ND-0051',2),('ND-0051',3),('ND-0051',4),('ND-0051',5),('ND-0051',6),('ND-0051',7),('ND-0051',8),('ND-0051',9),('ND-0051',10),('ND-0051',11),('ND-0051',12),('ND-0051',13),('ND-0051',14),('ND-0051',15),('ND-0051',16),('ND-0051',17),('ND-0051',18),('ND-0051',19),('ND-0051',20),('ND-0051',21),('ND-0051',22),('ND-0051',23),('ND-0051',24),('ND-0051',25),('ND-0051',26),('ND-0051',27),('ND-0051',28),('ND-0051',29),('ND-0051',30),('ND-0051',31),('ND-0051',32),('ND-0051',33),('ND-0051',34),('ND-0051',35),('ND-0051',36),('ND-0051',37),('ND-0051',38),('ND-0051',39),('ND-0051',40),('ND-0051',41),('ND-0051',42),('ND-4546',1),('ND-4546',2),('ND-4546',3),('ND-4546',4),('ND-4546',5),('ND-4546',6),('ND-4546',7),('ND-4546',8),('ND-4546',9),('ND-4546',10),('ND-4546',11),('ND-4546',12),('ND-4546',13),('ND-4546',14),('ND-4546',15),('ND-4546',16),('ND-4546',17),('ND-4546',18),('ND-4546',19),('ND-4546',20),('ND-4546',21),('ND-4546',22),('ND-4546',23),('ND-4546',24),('ND-4546',25),('ND-4546',26),('ND-4546',27),('ND-4546',28),('ND-4546',29),('ND-4546',30),('ND-4546',31),('ND-4546',32),('ND-4546',33),('ND-4546',34),('ND-4546',35),('ND-4546',36),('ND-4546',37),('ND-4546',38),('ND-4546',39),('ND-4546',40),('ND-4546',41),('ND-4546',42),('NW-1234',1),('NW-1234',2),('NW-1234',3),('NW-1234',4),('NW-1234',5),('NW-1234',6),('NW-1234',7),('NW-1234',8),('NW-1234',9),('NW-1234',10),('NW-1234',11),('NW-1234',12),('NW-1234',13),('NW-1234',14),('NW-1234',15),('NW-1234',16),('NW-1234',17),('NW-1234',18),('NW-1234',19),('NW-1234',20),('NW-1234',21),('NW-1234',22),('NW-1234',23),('NW-1234',24),('NW-1234',25),('NW-1234',26),('NW-1234',27),('NW-1234',28),('NW-1234',29),('NW-1234',30),('NW-1234',31),('NW-1234',32),('NW-1234',33),('NW-1234',34),('NW-1234',35),('NW-1234',36),('NW-1234',37),('NW-1234',38),('NW-1234',39),('NW-1234',40),('NW-1234',41),('NW-1234',42);
/*!40000 ALTER TABLE `seat` ENABLE KEYS */;
UNLOCK TABLES;

--
-- Table structure for table `staff_details`
--

DROP TABLE IF EXISTS `staff_details`;
/*!40101 SET @saved_cs_client     = @@character_set_client */;
 SET character_set_client = utf8mb4 ;
CREATE TABLE `staff_details` (
  `staff_id` varchar(4) NOT NULL,
  `staff_firstname` varchar(10) NOT NULL,
  `staff_lastname` varchar(10) NOT NULL,
  `staff_email` varchar(45) NOT NULL,
  `staff_mobile` char(10) NOT NULL,
  `staff_designation` varchar(45) NOT NULL,
  `staff_username` varchar(15) DEFAULT NULL,
  `staff_password` varchar(20) DEFAULT NULL,
  PRIMARY KEY (`staff_id`),
  UNIQUE KEY `staff_id_UNIQUE` (`staff_id`),
  UNIQUE KEY `staff_mobile_UNIQUE` (`staff_mobile`),
  UNIQUE KEY `staff_username_UNIQUE` (`staff_username`)
) ENGINE=InnoDB DEFAULT CHARSET=utf8mb4 COLLATE=utf8mb4_0900_ai_ci;
/*!40101 SET character_set_client = @saved_cs_client */;

--
-- Dumping data for table `staff_details`
--

LOCK TABLES `staff_details` WRITE;
/*!40000 ALTER TABLE `staff_details` DISABLE KEYS */;
INSERT INTO `staff_details` VALUES ('S001','GROUP','FIVE','group5@email.com','0771234567','ADMINISTRATOR','GROUP5','admin'),('S002','TEST','STAFF','zsakjfdn@email.com','0771111111','CONDUCTOR','S002','s002');
/*!40000 ALTER TABLE `staff_details` ENABLE KEYS */;
UNLOCK TABLES;

--
-- Table structure for table `user_details`
--

DROP TABLE IF EXISTS `user_details`;
/*!40101 SET @saved_cs_client     = @@character_set_client */;
 SET character_set_client = utf8mb4 ;
CREATE TABLE `user_details` (
  `userid` int(11) NOT NULL AUTO_INCREMENT,
  `user_firstname` varchar(10) NOT NULL,
  `user_lastname` varchar(45) NOT NULL,
  `user_email` varchar(45) NOT NULL,
  `user_mobile` char(10) NOT NULL,
  `user_username` varchar(10) NOT NULL,
  `user_password` varchar(45) NOT NULL,
  PRIMARY KEY (`userid`),
  UNIQUE KEY `userid_UNIQUE` (`userid`),
  UNIQUE KEY `user_username_UNIQUE` (`user_username`),
  UNIQUE KEY `user_email_UNIQUE` (`user_email`)
) ENGINE=InnoDB AUTO_INCREMENT=15 DEFAULT CHARSET=utf8mb4 COLLATE=utf8mb4_0900_ai_ci;
/*!40101 SET character_set_client = @saved_cs_client */;

--
-- Dumping data for table `user_details`
--

LOCK TABLES `user_details` WRITE;
/*!40000 ALTER TABLE `user_details` DISABLE KEYS */;
INSERT INTO `user_details` VALUES (1,'ZAMITH','AHAMED','zamith@gmail.com','0773859285','ZAMITH','admin'),(4,'','','','','','admin'),(14,'GROUP','FIVE','group5@email.com','0111234657','GROUP5','admin');
/*!40000 ALTER TABLE `user_details` ENABLE KEYS */;
UNLOCK TABLES;
/*!40103 SET TIME_ZONE=@OLD_TIME_ZONE */;

/*!40101 SET SQL_MODE=@OLD_SQL_MODE */;
/*!40014 SET FOREIGN_KEY_CHECKS=@OLD_FOREIGN_KEY_CHECKS */;
/*!40014 SET UNIQUE_CHECKS=@OLD_UNIQUE_CHECKS */;
/*!40101 SET CHARACTER_SET_CLIENT=@OLD_CHARACTER_SET_CLIENT */;
/*!40101 SET CHARACTER_SET_RESULTS=@OLD_CHARACTER_SET_RESULTS */;
/*!40101 SET COLLATION_CONNECTION=@OLD_COLLATION_CONNECTION */;
/*!40111 SET SQL_NOTES=@OLD_SQL_NOTES */;

CREATE USER 'newuser'@'localhost' IDENTIFIED BY 'password';

GRANT ALL PRIVILEGES ON busreservation.* TO 'newuser'@'localhost';

-- Dump completed on 2022-03-13  1:46:44
